date,sentiment_score
2009-05-04,0.6074
2009-05-05,0.7712
2009-05-08,0.3234
2009-05-12,0.24045
2009-05-13,0.7506
2009-05-14,0.2023
2009-05-15,0.7506
2009-05-16,0.0
2009-05-17,0.5144666666666667
2009-05-18,0.5859
2009-05-19,0.0
2009-05-20,0.6249
2009-05-21,0.31245
2009-05-22,0.5296
2009-05-23,0.3802
2009-05-26,0.3612
2009-05-27,0.7506
2009-05-28,0.0
2009-06-03,0.0
2009-06-05,0.3935
2009-06-08,0.7506
2009-06-14,0.2244
2009-06-15,0.7269
2009-06-16,0.7269
2009-06-18,-0.2263
2009-06-21,0.8687
2009-06-23,0.0
2009-06-24,0.0
2009-06-25,0.0
2009-06-26,0.5562
2009-06-30,0.4215
2009-07-04,0.8777
2009-07-05,0.8777
2009-07-13,0.3818
2009-07-15,-0.0516
2009-07-22,0.9215
2009-07-28,0.0
2009-08-04,0.5719
2009-08-11,0.0
2009-08-14,0.5255
2009-08-20,0.0
2009-08-21,-0.1531
2009-08-23,-0.1531
2009-08-29,0.0
2009-09-01,-0.101
2009-09-14,0.6705
2009-09-29,0.0
2009-10-05,0.0
2009-10-14,0.4215
2009-10-22,0.0
2009-10-27,0.807
2009-11-02,0.6369
2009-11-16,0.2732
2009-11-26,0.7339
2009-12-03,0.0
2009-12-23,0.9719
2010-01-12,0.8588
2010-01-15,0.0
2010-01-21,0.5983
2010-01-22,0.0
2010-02-07,0.952
2010-02-10,0.0
2010-02-11,0.4576
2010-02-26,0.6113
2010-03-05,0.7906
2010-03-12,0.6696
2010-03-15,0.6249
2010-03-17,0.7717
2010-03-18,0.743
2010-03-19,0.8221
2010-03-23,0.7184
2010-03-24,0.3182
2010-03-29,0.0
2010-03-31,0.1695
2010-04-01,0.9259
2010-04-06,0.6281
2010-04-07,0.5983
2010-04-09,0.8733
2010-04-12,0.8777
2010-04-13,0.636
2010-04-14,0.7474
2010-04-16,0.34
2010-04-20,0.0
2010-04-21,0.7088
2010-04-22,0.8268
2010-04-23,0.5848
2010-04-26,0.0
2010-04-28,0.7712
2010-04-29,0.7717
2010-04-30,0.8689
2010-05-03,0.26363333333333333
2010-05-05,0.9117
2010-05-13,-0.1531
2010-05-17,0.8957
2010-05-19,0.0
2010-05-20,0.2553
2010-05-21,0.0
2010-05-24,0.9606
2010-05-25,0.7323999999999999
2010-05-26,0.5967
2010-05-27,0.836
2010-05-28,0.91
2010-06-02,0.4939
2010-06-04,0.57265
2010-06-05,0.6369
2010-06-06,0.6369
2010-06-08,0.7351
2010-06-09,0.58775
2010-06-10,0.4404
2010-06-15,0.2787
2010-06-17,0.26335
2010-06-21,0.32985
2010-06-22,0.6249
2010-06-24,0.0
2010-06-28,0.6249
2010-07-01,0.0
2010-07-02,0.58505
2010-07-06,0.0
2010-07-14,0.9286
2010-07-19,0.21203333333333332
2010-07-20,0.8481
2010-07-29,0.4252666666666667
2010-07-30,0.0
2010-08-04,-0.1531
2010-08-09,0.0
2010-08-12,0.2582285714285714
2010-08-19,0.7025
2010-08-23,-0.2924
2010-08-24,0.8807
2010-08-26,0.8356
2010-08-30,0.5994
2010-08-31,0.8478
2010-09-01,0.7506
2010-09-02,0.0
2010-09-07,0.3822
2010-09-09,0.0
2010-09-14,0.902
2010-09-15,0.875
2010-09-16,0.6765
2010-09-17,0.3182
2010-09-23,0.1695
2010-09-24,0.0
2010-09-30,0.4939
2010-10-01,0.4215
2010-10-06,0.8074
2010-10-07,0.7303
2010-10-14,0.5643
2010-10-21,0.5948
2010-10-27,0.2263
2010-10-28,0.8555
2010-11-03,0.0
2010-11-04,0.4242
2010-11-11,0.5627
2010-11-15,0.4404
2010-11-18,0.3294
2010-11-22,0.9274
2010-11-24,0.5881666666666666
2010-11-29,0.8516
2010-12-02,0.8126
2010-12-09,0.8398
2010-12-10,0.908
2010-12-13,0.26733333333333337
2010-12-14,0.0
2010-12-16,0.9112
2010-12-23,0.8467
2010-12-30,0.8932
2011-01-12,0.0
2011-01-13,0.2401
2011-01-21,0.07575000000000001
2011-01-27,-0.17975
2011-01-31,-0.1626
2011-02-07,0.6369
2011-02-10,0.9081
2011-02-11,0.0
2011-02-15,0.0
2011-02-16,0.44885
2011-02-17,0.0
2011-02-18,0.0
2011-02-22,0.0
2011-02-23,0.0
2011-02-28,0.14613333333333334
2011-03-01,0.0
2011-03-02,-0.14959999999999998
2011-03-03,0.1695
2011-03-04,0.0
2011-03-07,0.1806
2011-03-08,0.0
2011-03-10,0.0
2011-03-11,0.1695
2011-03-14,0.1366
2011-03-15,0.27254
2011-03-16,0.30526666666666663
2011-03-17,0.0
2011-03-18,0.6639
2011-03-21,0.24265
2011-03-22,0.0
2011-03-23,0.0
2011-03-28,0.35015
2011-03-30,0.0
2011-03-31,0.0
2011-04-01,0.5511
2011-04-05,0.025733333333333334
2011-04-07,0.13763333333333333
2011-04-08,0.0
2011-04-11,0.6207
2011-04-12,0.20095
2011-04-13,0.0
2011-04-14,0.0
2011-04-15,0.4019
2011-04-18,0.24828
2011-04-19,0.0
2011-04-20,0.0
2011-04-21,0.31245
2011-04-22,0.6705
2011-04-25,0.26335
2011-04-28,0.0
2011-04-29,0.1591
2011-05-02,0.6648000000000001
2011-05-03,0.0
2011-05-06,0.3182
2011-05-09,0.26335
2011-05-12,0.0
2011-05-13,0.10015
2011-05-16,0.63515
2011-05-17,-0.1531
2011-05-19,0.0
2011-05-20,0.5
2011-05-23,0.4716
2011-05-25,0.7339
2011-05-26,-0.2263
2011-05-27,0.5470333333333334
2011-06-01,0.2202
2011-06-02,0.0
2011-06-03,0.0
2011-06-06,0.2732
2011-06-07,0.0
2011-06-09,0.4754
2011-06-14,0.17
2011-06-16,0.8482
2011-06-20,0.4574
2011-06-21,0.38675
2011-06-23,0.3612
2011-06-24,0.0
2011-06-27,0.42845
2011-07-01,0.63295
2011-07-05,0.401
2011-07-06,-0.7603
2011-07-07,0.18206666666666668
2011-07-08,-0.764425
2011-07-11,0.0
2011-07-12,0.008599999999999997
2011-07-13,-0.3612
2011-07-14,-0.025675
2011-07-15,0.1546
2011-07-18,0.21494
2011-07-19,-0.0931
2011-07-20,-0.0864
2011-07-21,-0.6249
2011-07-22,-0.29295
2011-07-25,-0.10329999999999999
2011-07-26,-0.23176000000000002
2011-07-27,-0.32916
2011-07-28,-0.09305000000000004
2011-07-29,0.14178571428571426
2011-07-30,-0.3301
2011-08-01,0.210125
2011-08-02,-0.2912333333333333
2011-08-03,0.02062857142857144
2011-08-04,-0.189975
2011-08-05,-0.2114666666666667
2011-08-08,0.1909
2011-08-09,-0.05181666666666667
2011-08-10,0.025866666666666666
2011-08-11,0.0
2011-08-12,0.24003333333333332
2011-08-13,0.28030000000000005
2011-08-15,-0.0018428571428571303
2011-08-16,-0.0172
2011-08-17,-0.0018749999999999878
2011-08-18,-0.09904999999999999
2011-08-19,0.3207333333333333
2011-08-22,-0.004574999999999996
2011-08-23,-0.433975
2011-08-24,-0.1328666666666667
2011-08-25,-0.02112499999999999
2011-08-26,0.08614000000000002
2011-08-29,-0.06878571428571426
2011-08-30,-0.14456666666666665
2011-08-31,-0.22632000000000002
2011-09-01,-0.43532499999999996
2011-09-02,-0.38544999999999996
2011-09-06,-0.17744
2011-09-07,0.12178
2011-09-08,-0.10758333333333332
2011-09-09,-0.02463333333333334
2011-09-12,0.10569166666666667
2011-09-13,0.10605624999999999
2011-09-14,0.13731666666666667
2011-09-15,0.2044
2011-09-16,0.38694999999999996
2011-09-18,0.0
2011-09-19,0.07381818181818182
2011-09-20,-0.19215
2011-09-21,0.23538333333333336
2011-09-22,-0.23142857142857146
2011-09-23,0.19094285714285714
2011-09-26,-0.65855
2011-09-27,-0.11088333333333333
2011-09-28,0.22306666666666666
2011-09-29,0.060929411764705885
2011-09-30,-0.058662500000000006
2011-10-03,0.09677777777777778
2011-10-04,0.19720000000000001
2011-10-05,-0.08424999999999999
2011-10-06,-0.328225
2011-10-07,-0.15018333333333336
2011-10-11,0.050685714285714285
2011-10-12,0.40845
2011-10-13,0.0
2011-10-14,-0.4937333333333333
2011-10-15,0.0
2011-10-16,0.7184
2011-10-17,0.016769230769230762
2011-10-18,-0.2022142857142857
2011-10-19,-0.15658
2011-10-20,-0.1608
2011-10-21,-0.24760000000000001
2011-10-24,-0.011800000000000014
2011-10-25,0.14437692307692307
2011-10-26,-0.015757142857142848
2011-10-27,0.13996000000000003
2011-10-28,-0.14355
2011-10-31,0.0
2011-11-01,-0.2906166666666667
2011-11-02,-0.22083750000000002
2011-11-04,-0.26549999999999996
2011-11-08,-0.30122
2011-11-09,-0.06736
2011-11-10,0.05303333333333334
2011-11-11,0.1249125
2011-11-14,-0.06680000000000001
2011-11-15,-0.054400000000000004
2011-11-16,0.1042095238095238
2011-11-17,-0.22424999999999998
2011-11-18,-0.19605999999999998
2011-11-21,0.11523333333333334
2011-11-22,-0.14746666666666666
2011-11-23,0.351975
2011-11-28,0.0652125
2011-11-29,-0.2050666666666667
2011-11-30,-0.06509999999999998
2011-12-01,-0.21055000000000001
2011-12-02,0.12288888888888888
2011-12-05,-0.046141666666666685
2011-12-06,0.11154444444444442
2011-12-07,0.011413043478260873
2011-12-08,0.19895714285714286
2011-12-09,0.18883125
2011-12-12,-0.07179166666666667
2011-12-13,0.048523076923076926
2011-12-14,-0.03127
2011-12-15,0.18374545454545455
2011-12-16,0.22973333333333334
2011-12-19,0.052427272727272725
2011-12-20,0.24096666666666666
2011-12-21,0.21395999999999998
2011-12-22,0.21512000000000003
2011-12-27,0.012027272727272732
2011-12-28,0.05230000000000003
2011-12-29,-0.13985
2011-12-30,-0.05352857142857143
2012-01-03,0.045674999999999986
2012-01-04,0.27595833333333336
2012-01-05,0.039314285714285704
2012-01-06,0.36299000000000003
2012-01-09,-0.06548888888888889
2012-01-10,0.2881666666666667
2012-01-11,0.2004
2012-01-12,-0.04430000000000002
2012-01-13,-0.045499999999999985
2012-01-16,-0.4588
2012-01-17,0.04503478260869565
2012-01-18,-0.015392307692307696
2012-01-19,0.188865
2012-01-20,-0.27475714285714287
2012-01-23,-0.052974999999999994
2012-01-24,-0.009129999999999994
2012-01-25,0.02819166666666667
2012-01-26,0.12524
2012-01-27,0.04641000000000001
2012-01-30,0.15349
2012-01-31,-0.1135090909090909
2012-02-01,-0.057814285714285714
2012-02-02,0.1591
2012-02-03,-0.0735777777777778
2012-02-05,0.21230000000000002
2012-02-06,0.11366842105263157
2012-02-07,-0.10585999999999998
2012-02-08,0.07381176470588235
2012-02-09,0.1595025641025641
2012-02-10,0.2747625
2012-02-13,0.26427
2012-02-14,-0.029308333333333336
2012-02-15,0.10579545454545455
2012-02-16,0.06096153846153844
2012-02-17,0.06877999999999998
2012-02-21,-0.12573333333333334
2012-02-22,-0.0740090909090909
2012-02-23,0.16179090909090907
2012-02-24,0.09355000000000001
2012-02-27,-0.07378
2012-02-28,0.054009090909090916
2012-02-29,0.284775
2012-03-01,0.16126666666666667
2012-03-05,0.22388461538461538
2012-03-06,-0.09310999999999998
2012-03-07,0.22680000000000003
2012-03-08,0.2989571428571428
2012-03-09,0.02260000000000002
2012-03-12,-0.05313529411764706
2012-03-13,0.07457272727272728
2012-03-14,0.09112500000000001
2012-03-15,-0.27988999999999997
2012-03-16,0.11039999999999998
2012-03-17,0.3182
2012-03-19,-0.11134
2012-03-20,0.4388888888888889
2012-03-21,0.053012500000000004
2012-03-22,0.11961999999999999
2012-03-23,0.07849999999999999
2012-03-26,0.1467125
2012-03-28,-0.06666666666666667
2012-03-29,-0.09537692307692308
2012-03-30,-0.003650000000000009
2012-04-02,0.141875
2012-04-03,0.2065888888888889
2012-04-04,0.07981250000000001
2012-04-05,0.08748333333333334
2012-04-06,0.3316357142857143
2012-04-09,0.08677142857142857
2012-04-10,0.06824166666666666
2012-04-11,0.108725
2012-04-12,0.0941
2012-04-13,-0.05732727272727271
2012-04-14,0.4218
2012-04-15,0.6751
2012-04-16,0.2652
2012-04-17,0.42288333333333333
2012-04-18,0.18321666666666667
2012-04-19,0.20843703703703703
2012-04-20,0.02305714285714287
2012-04-22,0.21005
2012-04-23,0.14203076923076924
2012-04-24,0.4060625
2012-04-25,-0.20095
2012-04-26,-0.1064875
2012-04-27,0.12891249999999999
2012-04-29,0.75
2012-04-30,0.09519999999999999
2012-05-01,-0.03203750000000001
2012-05-02,0.11617
2012-05-03,0.3970666666666667
2012-05-04,0.025136363636363634
2012-05-06,0.24290606060606063
2012-05-07,0.15425593220338982
2012-05-08,0.5781142857142857
2012-05-09,-0.1432125
2012-05-10,0.05795714285714286
2012-05-11,0.0452090909090909
2012-05-14,0.31577619047619043
2012-05-15,0.14741666666666667
2012-05-16,0.04508333333333333
2012-05-17,-0.06166666666666668
2012-05-18,-0.020284615384615384
2012-05-20,0.5859
2012-05-21,0.3795193548387097
2012-05-22,0.06779677419354838
2012-05-23,-0.027566666666666666
2012-05-24,0.3667818181818182
2012-05-27,-0.4019
2012-05-28,-0.4019
2012-05-29,0.05007500000000001
2012-05-30,0.0803090909090909
2012-05-31,-0.056027272727272724
2012-06-01,-0.054258823529411755
2012-06-02,0.0
2012-06-03,0.20424000000000003
2012-06-04,0.2141478260869565
2012-06-05,-0.051433333333333324
2012-06-06,0.1847
2012-06-07,0.16465
2012-06-08,-0.16601666666666667
2012-06-09,0.29846666666666666
2012-06-10,0.29846666666666666
2012-06-11,0.052546666666666665
2012-06-12,0.06929333333333333
2012-06-13,0.14451818181818182
2012-06-14,0.242925
2012-06-15,0.44457777777777774
2012-06-18,0.4654076923076923
2012-06-19,0.01251999999999998
2012-06-20,0.09335555555555555
2012-06-21,-0.10378181818181818
2012-06-22,0.2810888888888889
2012-06-25,0.20334444444444444
2012-06-26,-0.10032999999999999
2012-06-27,0.1793833333333333
2012-06-28,-0.062450000000000006
2012-06-29,0.5705727272727272
2012-07-02,0.014366666666666663
2012-07-03,0.18194761904761905
2012-07-05,0.09252666666666666
2012-07-06,0.23518750000000002
2012-07-07,0.5500833333333334
2012-07-09,0.65715
2012-07-10,0.04478333333333334
2012-07-11,0.15495384615384616
2012-07-12,-0.12925
2012-07-13,0.067348
2012-07-16,0.04930833333333332
2012-07-17,0.17033
2012-07-18,0.13287317073170732
2012-07-19,0.07788
2012-07-20,-0.26154782608695654
2012-07-23,0.007062500000000003
2012-07-24,0.09972222222222221
2012-07-25,-0.011588235294117651
2012-07-26,-0.37545
2012-07-27,0.3607307692307692
2012-07-30,0.12795
2012-07-31,0.025507142857142857
2012-08-01,0.24793846153846152
2012-08-02,0.1505181818181818
2012-08-06,-0.06658823529411764
2012-08-07,-0.06108
2012-08-08,-0.2624066666666666
2012-08-09,0.11612
2012-08-10,0.0918470588235294
2012-08-13,0.33155
2012-08-14,0.31556666666666666
2012-08-15,0.027031250000000007
2012-08-16,0.06582727272727272
2012-08-17,0.26592105263157895
2012-08-20,0.08931562500000001
2012-08-21,0.08813809523809524
2012-08-22,0.23278000000000001
2012-08-23,0.20239473684210527
2012-08-24,0.028821052631578935
2012-08-27,0.22143636363636363
2012-08-28,0.02986521739130435
2012-08-29,0.10866153846153849
2012-08-30,-0.1426125
2012-08-31,0.22455833333333333
2012-09-01,0.5234333333333333
2012-09-02,0.048600000000000004
2012-09-03,0.4643
2012-09-04,0.16070192307692308
2012-09-05,0.03619523809523809
2012-09-06,0.14357857142857142
2012-09-07,-0.2119642857142857
2012-09-10,0.23026923076923078
2012-09-11,0.06783
2012-09-12,-0.21575454545454545
2012-09-13,-0.06998846153846153
2012-09-14,0.023573684210526313
2012-09-17,0.11491891891891891
2012-09-18,-0.011242857142857146
2012-09-19,0.06887499999999999
2012-09-20,0.33388666666666666
2012-09-21,0.188925
2012-09-24,0.1846565217391304
2012-09-25,0.018848275862068966
2012-09-26,0.24422222222222223
2012-09-27,0.17207857142857144
2012-09-28,0.36465000000000003
2012-10-01,0.22661111111111112
2012-10-02,0.10664347826086956
2012-10-03,0.208275
2012-10-04,0.3486342105263158
2012-10-05,0.5186875
2012-10-08,0.1051190476190476
2012-10-09,0.06352325581395349
2012-10-10,0.1843
2012-10-11,0.016247457627118645
2012-10-12,0.277086
2012-10-13,0.20446666666666666
2012-10-14,0.16687
2012-10-15,0.21774861111111113
2012-10-16,0.15735274725274725
2012-10-17,-0.02553916666666666
2012-10-18,0.12747848101265824
2012-10-19,0.10400000000000001
2012-10-20,0.39433333333333326
2012-10-21,-0.1392875
2012-10-22,0.10524786324786325
2012-10-23,-0.027324193548387086
2012-10-24,0.3792857142857143
2012-10-25,0.3085525423728813
2012-10-26,0.19044117647058825
2012-10-27,-0.02873333333333335
2012-10-28,-0.2752357142857143
2012-10-29,0.026749999999999996
2012-10-30,0.22594153846153844
2012-10-31,0.31813731343283586
2012-11-01,-0.07298461538461537
2012-11-02,0.02316296296296296
2012-11-03,-0.01019000000000001
2012-11-04,-0.10839583333333334
2012-11-05,0.16616385542168677
2012-11-06,0.08284130434782608
2012-11-07,0.07639375
2012-11-08,0.19736
2012-11-09,0.11396500000000001
2012-11-10,0.34951
2012-11-11,0.1598
2012-11-12,0.20752916666666668
2012-11-13,0.14792222222222223
2012-11-14,0.38902000000000003
2012-11-15,0.3535732394366197
2012-11-16,0.2622333333333333
2012-11-19,0.21233
2012-11-20,0.23463235294117646
2012-11-21,0.35530625
2012-11-24,-0.32695
2012-11-25,-0.32695
2012-11-26,0.09723157894736842
2012-11-27,0.1630707317073171
2012-11-28,0.41102307692307694
2012-11-29,0.29796923076923076
2012-11-30,0.4848272727272727
2012-12-03,0.32555
2012-12-04,0.34224827586206896
2012-12-05,0.20628591549295774
2012-12-06,0.25332477876106196
2012-12-07,0.17655925925925928
2012-12-10,0.19587466666666667
2012-12-11,0.10378867924528301
2012-12-12,0.2686772727272727
2012-12-13,0.47656666666666664
2012-12-14,-0.6808
2012-12-15,-0.013249999999999984
2012-12-17,0.07195333333333334
2012-12-18,0.2093551724137931
2012-12-19,0.12805238095238095
2012-12-20,0.24990540540540543
2012-12-21,0.31719565217391305
2012-12-23,0.4406111111111111
2012-12-24,0.7955
2012-12-26,0.2789428571428571
2012-12-27,0.15763999999999997
2012-12-28,0.41241388888888886
2012-12-31,0.09333333333333332
2013-01-01,0.04916363636363635
2013-01-02,0.19410000000000002
2013-01-03,0.18849272727272728
2013-01-04,0.38149583333333337
2013-01-07,0.3135025
2013-01-08,0.3582872340425532
2013-01-09,0.22360212765957446
2013-01-10,0.3443366666666667
2013-01-11,0.2515805555555556
2013-01-14,0.18592923076923076
2013-01-15,0.2023922077922078
2013-01-16,0.007367741935483884
2013-01-17,0.05784705882352942
2013-01-18,0.1833891891891892
2013-01-21,0.32118823529411766
2013-01-22,0.27736779661016947
2013-01-23,0.26579
2013-01-24,0.19854375000000002
2013-01-25,0.1430206896551724
2013-01-28,0.08971
2013-01-29,0.2662137931034483
2013-01-30,0.2582
2013-01-31,0.23843999999999999
2013-02-01,0.1751913043478261
2013-02-03,0.1806
2013-02-04,0.31559333333333334
2013-02-05,0.3533917431192661
2013-02-06,0.3328173553719008
2013-02-07,0.27280163934426227
2013-02-08,0.32020000000000004
2013-02-09,0.3536
2013-02-10,0.46197999999999995
2013-02-11,0.3973521739130435
2013-02-12,0.24625
2013-02-13,0.34473846153846155
2013-02-14,0.26599504132231405
2013-02-15,0.1947493670886076
2013-02-16,0.5019
2013-02-17,0.5019
2013-02-18,0.34933333333333333
2013-02-19,0.36424597701149425
2013-02-20,0.34296461538461537
2013-02-21,0.28042807017543864
2013-02-22,0.22426274509803923
2013-02-23,0.4236333333333333
2013-02-24,0.31915454545454547
2013-02-25,0.18673166666666668
2013-02-26,0.21379139784946236
2013-02-27,0.35822783505154643
2013-02-28,0.253375
2013-03-01,0.2893014285714286
2013-03-02,0.4553962962962963
2013-03-03,0.34288676470588236
2013-03-04,0.2099
2013-03-05,0.47176315789473683
2013-03-06,0.4032255813953488
2013-03-07,0.4351595744680851
2013-03-08,0.35124761904761903
2013-03-09,0.0
2013-03-10,0.16802068965517242
2013-03-11,0.2483591836734694
2013-03-12,0.32390416666666666
2013-03-13,0.3366
2013-03-14,0.08335925925925926
2013-03-15,0.10166122448979592
2013-03-16,0.58429
2013-03-17,0.5011417910447762
2013-03-18,0.16417387387387386
2013-03-19,0.204152
2013-03-20,0.3366043956043956
2013-03-21,0.12595
2013-03-22,0.18535348837209303
2013-03-23,0.43405217391304346
2013-03-24,0.46572727272727277
2013-03-25,0.20010281690140846
2013-03-26,0.030063461538461546
2013-03-27,0.3432408450704226
2013-03-28,0.5267395061728395
2013-03-29,0.3970681818181818
2013-03-30,0.15355555555555556
2013-03-31,0.39533428571428575
2013-04-01,0.30155196078431373
2013-04-02,0.22129696969696971
2013-04-03,0.10444871794871795
2013-04-04,0.5498352941176471
2013-04-05,0.2479
2013-04-06,0.44541111111111115
2013-04-07,0.28207121212121217
2013-04-08,0.3432212121212121
2013-04-09,0.24658666666666665
2013-04-10,0.3854829268292683
2013-04-11,0.4084361111111111
2013-04-12,0.05596363636363637
2013-04-13,0.3988305555555555
2013-04-14,0.46173972602739727
2013-04-15,0.39664677419354843
2013-04-16,0.10901904761904761
2013-04-17,0.2722620253164557
2013-04-18,0.21797719298245613
2013-04-19,0.10473939393939394
2013-04-20,0.2084406779661017
2013-04-21,0.082471875
2013-04-22,0.13861648351648354
2013-04-23,-0.18994324324324324
2013-04-24,0.03363484848484848
2013-04-25,0.0037891304347826113
2013-04-26,0.3024763888888889
2013-04-27,0.5393021739130435
2013-04-28,0.4923161290322581
2013-04-29,0.19561354166666667
2013-04-30,0.29552833333333334
2013-05-01,0.2567558441558441
2013-05-02,0.044205084745762714
2013-05-03,0.1310189189189189
2013-05-05,0.27843333333333337
2013-05-06,0.34005238095238094
2013-05-07,0.005237735849056604
2013-05-08,0.20074874999999998
2013-05-09,0.07877586206896552
2013-05-10,0.2811961538461539
2013-05-11,0.09272105263157894
2013-05-12,0.46269166666666667
2013-05-13,0.35835357142857144
2013-05-14,0.23749333333333336
2013-05-15,0.19357058823529413
2013-05-16,0.2915041666666667
2013-05-17,-0.03641379310344828
2013-05-18,0.2068125
2013-05-19,0.18040526315789476
2013-05-20,0.6815081081081081
2013-05-21,0.30596428571428574
2013-05-22,0.07004745762711866
2013-05-23,0.2024758064516129
2013-05-24,0.13156666666666667
2013-05-25,0.09119435483870968
2013-05-26,0.1298046511627907
2013-05-27,0.24944722222222224
2013-05-28,0.1431012048192771
2013-05-29,0.3755047619047619
2013-05-30,0.3765831460674158
2013-05-31,0.41892500000000005
2013-06-01,0.49310000000000004
2013-06-02,0.78945
2013-06-03,0.4823603448275862
2013-06-04,0.25120000000000003
2013-06-05,0.30862527472527473
2013-06-06,0.44770000000000004
2013-06-07,0.42622857142857146
2013-06-08,0.5119666666666667
2013-06-10,0.15564827586206895
2013-06-11,0.27762745098039215
2013-06-12,0.19938082191780823
2013-06-13,0.3278711111111111
2013-06-14,0.30488461538461537
2013-06-15,0.26727500000000004
2013-06-16,0.20469444444444443
2013-06-17,0.17514545454545452
2013-06-18,0.42758
2013-06-19,0.5265216216216216
2013-06-20,0.23003243243243246
2013-06-21,0.40511111111111114
2013-06-22,0.5347875
2013-06-23,0.38397499999999996
2013-06-24,0.19240000000000002
2013-06-25,0.3111107142857143
2013-06-26,0.2875527272727273
2013-06-27,0.1763095238095238
2013-06-28,0.19658571428571428
2013-06-29,0.18947575757575758
2013-06-30,0.14621666666666666
2013-07-01,0.06967096774193549
2013-07-02,0.1935
2013-07-03,0.26857625
2013-07-04,0.21835
2013-07-05,0.23481923076923075
2013-07-06,0.3659608108108108
2013-07-07,0.512125
2013-07-08,0.4464910447761194
2013-07-09,0.24552727272727273
2013-07-10,0.31399285714285713
2013-07-11,0.46899545454545455
2013-07-12,0.39545
2013-07-13,0.37738
2013-07-14,0.37461739130434785
2013-07-15,0.1632586206896552
2013-07-16,0.4054056818181818
2013-07-17,0.4537444444444445
2013-07-18,0.17979242424242425
2013-07-19,0.3564127659574468
2013-07-20,0.6305166666666667
2013-07-21,0.48967083333333333
2013-07-22,0.49438333333333334
2013-07-23,0.15739433962264152
2013-07-24,0.08495882352941177
2013-07-25,0.20220833333333332
2013-07-26,-0.15046666666666667
2013-07-27,-0.017959999999999976
2013-07-28,0.3702375
2013-07-29,0.3965417910447761
2013-07-30,0.4025740740740741
2013-07-31,0.1921396551724138
2013-08-01,0.34825
2013-08-02,0.26189375
2013-08-03,0.0
2013-08-04,0.45659999999999995
2013-08-05,0.42446557377049177
2013-08-06,0.5004807692307692
2013-08-07,0.36909807692307695
2013-08-08,0.39301458333333333
2013-08-09,0.05930882352941177
2013-08-10,0.5205555555555557
2013-08-11,0.5631157894736841
2013-08-12,0.35221864406779657
2013-08-13,0.12963478260869565
2013-08-14,0.55726
2013-08-15,0.29990352941176474
2013-08-16,0.22094324324324321
2013-08-17,0.343
2013-08-18,0.3079068965517241
2013-08-19,0.3681529411764706
2013-08-20,-0.05742222222222223
2013-08-21,0.11238266666666666
2013-08-22,0.24444126984126985
2013-08-23,0.55543
2013-08-24,0.42664615384615384
2013-08-25,0.039117647058823535
2013-08-26,0.07918857142857143
2013-08-27,0.02455
2013-08-28,0.29766547619047623
2013-08-29,0.17642222222222223
2013-08-30,0.1707735294117647
2013-08-31,-0.0843
2013-09-01,0.18698333333333336
2013-09-02,0.08449444444444446
2013-09-03,0.20891111111111113
2013-09-04,0.18682380952380953
2013-09-05,0.10686266666666666
2013-09-06,-0.05070952380952381
2013-09-07,0.1101920634920635
2013-09-08,0.45521346153846154
2013-09-09,0.12824137931034485
2013-09-10,0.16981967213114754
2013-09-11,0.2051625
2013-09-12,0.10065952380952382
2013-09-13,0.42562
2013-09-14,0.7064947368421052
2013-09-15,0.4662710526315789
2013-09-16,0.4376083333333333
2013-09-17,0.3707
2013-09-18,0.4585108108108108
2013-09-19,0.21104444444444445
2013-09-20,0.2738785714285714
2013-09-21,0.5166851851851851
2013-09-22,0.4076909090909091
2013-09-23,0.2907135135135135
2013-09-24,0.2945258064516129
2013-09-25,0.394124
2013-09-26,0.49451538461538463
2013-09-27,0.25965319148936167
2013-09-28,0.3909692307692308
2013-09-29,0.5021846153846155
2013-09-30,0.34416969696969696
2013-10-01,0.24280000000000002
2013-10-02,0.12346923076923079
2013-10-03,0.055618
2013-10-04,0.24615
2013-10-05,0.7366
2013-10-06,0.85785
2013-10-07,0.19292972972972972
2013-10-08,0.18178285714285716
2013-10-09,0.23561212121212122
2013-10-10,0.14893076923076923
2013-10-11,0.39607272727272724
2013-10-12,0.24693333333333334
2013-10-13,0.7267888888888889
2013-10-14,0.4335652173913043
2013-10-15,0.41824666666666666
2013-10-16,0.45805862068965514
2013-10-17,0.41992641509433964
2013-10-18,0.06731595744680852
2013-10-19,0.01194313725490196
2013-10-20,0.40721724137931037
2013-10-21,0.3391522727272727
2013-10-22,0.37144375
2013-10-23,0.23823783783783783
2013-10-24,0.45935000000000004
2013-10-25,0.25725
2013-10-26,0.02364583333333334
2013-10-27,0.39137972972972973
2013-10-28,0.17478
2013-10-29,-0.09220769230769231
2013-10-30,0.07396000000000001
2013-10-31,0.2319219512195122
2013-11-01,0.49622
2013-11-02,-0.3527
2013-11-03,0.65077
2013-11-04,0.3802243902439024
2013-11-05,0.2418236842105263
2013-11-06,0.272845
2013-11-07,0.16943428571428573
2013-11-08,0.2909
2013-11-09,0.40547500000000003
2013-11-10,0.4197923076923077
2013-11-11,0.4725142857142857
2013-11-12,0.37179
2013-11-13,-0.1001842105263158
2013-11-14,0.2038258064516129
2013-11-15,0.386
2013-11-16,0.42754375
2013-11-17,-0.1689166666666667
2013-11-18,-0.021152173913043474
2013-11-19,0.05300499999999999
2013-11-20,0.34897
2013-11-21,0.10891250000000001
2013-11-22,-0.06512692307692305
2013-11-23,-0.18005454545454547
2013-11-24,0.01972500000000002
2013-11-25,0.15410000000000001
2013-11-26,0.2035451612903226
2013-11-27,0.2372590909090909
2013-11-28,-0.20339285714285715
2013-11-29,0.22022608695652177
2013-11-30,0.143294
2013-12-01,0.75305
2013-12-02,0.435525641025641
2013-12-03,0.3930530612244898
2013-12-04,-0.0017823529411764734
2013-12-05,0.06844347826086956
2013-12-06,0.286355
2013-12-07,0.19097142857142857
2013-12-08,0.57405
2013-12-09,0.2704125
2013-12-10,0.28148196721311475
2013-12-11,0.2634086956521739
2013-12-12,0.329725
2013-12-13,-0.239546875
2013-12-14,0.29257777777777777
2013-12-15,0.23709999999999998
2013-12-16,0.5799875
2013-12-17,0.10100000000000002
2013-12-18,0.32439999999999997
2013-12-19,0.3767272727272727
2013-12-20,0.07230270270270271
2013-12-21,0.4383285714285714
2013-12-22,0.033611764705882355
2013-12-23,0.5107333333333334
2013-12-24,0.27901750000000003
2013-12-25,0.7572599999999999
2013-12-26,0.04080000000000002
2013-12-27,-0.013100000000000037
2013-12-28,0.6517666666666666
2013-12-29,-0.063
2013-12-30,0.28330833333333333
2013-12-31,0.5663142857142857
2014-01-01,-0.196175
2014-01-02,0.389815625
2014-01-03,0.3366315789473684
2014-01-04,-0.25
2014-01-05,0.7346
2014-01-06,0.1570578947368421
2014-01-07,0.41202941176470587
2014-01-08,0.42376363636363634
2014-01-09,0.43656307692307694
2014-01-10,0.6142
2014-01-11,0.049535294117647066
2014-01-12,0.34012608695652174
2014-01-13,0.49421333333333334
2014-01-14,0.657943137254902
2014-01-15,0.5077901639344262
2014-01-16,0.39555
2014-01-17,0.47466875
2014-01-18,0.5488291666666667
2014-01-19,0.6222636363636364
2014-01-20,0.40198484848484844
2014-01-21,0.5574
2014-01-22,0.4194909090909091
2014-01-23,0.7553
2014-01-24,0.3045857142857143
2014-01-25,0.6866333333333333
2014-01-26,0.5268666666666667
2014-01-27,0.28676250000000003
2014-01-28,0.2965
2014-01-29,0.15056981132075473
2014-01-30,0.20702758620689654
2014-01-31,0.22101363636363638
2014-02-01,0.41105
2014-02-02,0.5693666666666667
2014-02-03,0.04826190476190476
2014-02-04,0.2162888888888889
2014-02-05,0.31784444444444443
2014-02-06,0.229225
2014-02-08,0.36135
2014-02-10,0.33540714285714285
2014-02-11,0.7345
2014-02-12,0.41557000000000005
2014-02-13,0.3449285714285714
2014-02-14,0.5863256756756757
2014-02-15,0.21166470588235295
2014-02-16,0.06394375
2014-02-17,0.28007333333333334
2014-02-18,0.2146809523809524
2014-02-19,0.1879913043478261
2014-02-20,0.44346578947368426
2014-02-21,0.54368
2014-02-22,0.5392111111111111
2014-02-23,0.27893125
2014-02-24,0.434621875
2014-02-25,0.49624375000000004
2014-02-26,0.38248461538461537
2014-02-27,0.2826444444444445
2014-02-28,0.05283125
2014-03-01,0.30793000000000004
2014-03-02,0.12348591549295775
2014-03-03,0.12090609756097562
2014-03-04,0.2987076923076923
2014-03-05,0.5675066666666666
2014-03-06,0.696325
2014-03-07,0.6971909090909091
2014-03-08,0.6410055555555556
2014-03-09,0.52305
2014-03-10,0.5051
2014-03-11,0.5235771428571429
2014-03-12,0.2768
2014-03-13,0.02410869565217392
2014-03-14,0.354908
2014-03-15,0.032314285714285705
2014-03-16,0.7134571428571429
2014-03-17,0.2512695652173913
2014-03-18,0.39973333333333333
2014-03-19,0.45994054054054057
2014-03-20,0.08571724137931035
2014-03-21,0.09986
2014-03-22,0.027699999999999992
2014-03-24,0.41103333333333336
2014-03-25,0.29526
2014-03-26,-0.017727272727272734
2014-03-27,0.5423733333333333
2014-03-28,0.4485745454545455
2014-03-29,0.25724137931034485
2014-03-30,0.3867269230769231
2014-03-31,0.10712424242424243
2014-04-01,0.5130238095238095
2014-04-02,0.36188571428571426
2014-04-03,0.4368090909090909
2014-04-04,0.5112777777777777
2014-04-05,0.2634797297297297
2014-04-06,0.2853428571428572
2014-04-07,0.43253214285714287
2014-04-08,0.57308
2014-04-09,0.42608269230769236
2014-04-10,0.3534195652173913
2014-04-11,0.5291368421052631
2014-04-12,0.23915
2014-04-13,0.8666
2014-04-14,0.3913558823529412
2014-04-15,0.2074111111111111
2014-04-16,0.5117548387096774
2014-04-17,0.3752666666666667
2014-04-18,0.38844761904761904
2014-04-19,0.5335307692307693
2014-04-20,0.2948071428571429
2014-04-21,0.42797692307692303
2014-04-22,0.43157142857142855
2014-04-23,0.5399054054054054
2014-04-24,0.409078431372549
2014-04-25,0.3089689655172414
2014-04-26,0.15523333333333333
2014-04-27,0.8216666666666667
2014-04-28,0.5428000000000001
2014-04-29,0.2188547619047619
2014-04-30,0.16865000000000002
2014-05-01,0.5066533333333333
2014-05-02,0.3383475247524752
2014-05-03,0.14561818181818184
2014-05-04,-0.14800416666666666
2014-05-05,0.43021449275362317
2014-05-06,0.28831111111111113
2014-05-07,0.1317090909090909
2014-05-08,0.4223910714285714
2014-05-09,0.31757142857142856
2014-05-10,-0.041928571428571426
2014-05-11,0.8908999999999999
2014-05-12,0.73825
2014-05-13,0.49655
2014-05-14,0.48697999999999997
2014-05-15,0.6968142857142857
2014-05-16,0.7688916666666668
2014-05-17,0.4504727272727273
2014-05-18,0.40038
2014-05-19,0.24347179487179488
2014-05-20,0.45753333333333335
2014-05-21,0.7888000000000001
2014-05-22,0.63109
2014-05-23,0.11905
2014-05-24,0.0
2014-05-25,0.68536
2014-05-26,0.5258875
2014-05-27,0.2719232558139535
2014-05-28,0.4204809523809524
2014-05-29,-0.22022499999999998
2014-05-30,0.20855714285714286
2014-05-31,0.34458125
2014-06-01,0.289174
2014-06-02,0.3749638888888889
2014-06-03,0.16886785714285715
2014-06-04,0.30257636363636364
2014-06-05,0.4097388888888889
2014-06-06,0.30922
2014-06-07,0.2347375
2014-06-08,0.3202849056603774
2014-06-09,0.5359200000000001
2014-06-10,0.30449074074074073
2014-06-11,0.1727304347826087
2014-06-12,0.22285151515151513
2014-06-13,0.37995730337078654
2014-06-14,0.53028125
2014-06-15,0.4243483870967742
2014-06-16,0.32448672566371684
2014-06-17,0.37147356321839076
2014-06-18,0.5337783783783784
2014-06-19,0.32373857142857143
2014-06-20,0.5444117647058824
2014-06-21,0.5104039215686275
2014-06-22,0.39187037037037037
2014-06-23,0.2586203703703704
2014-06-24,0.300625641025641
2014-06-25,0.6084190476190476
2014-06-26,0.3034173913043478
2014-06-27,0.17737499999999998
2014-06-29,0.4314046511627907
2014-06-30,0.517856
2014-07-01,0.47045813953488375
2014-07-02,0.345375
2014-07-03,0.5880115384615384
2014-07-04,0.06488000000000002
2014-07-05,0.06825555555555557
2014-07-06,-0.38353333333333334
2014-07-07,0.4460571428571429
2014-07-08,0.2405275
2014-07-09,0.4083042857142857
2014-07-10,0.25762739726027395
2014-07-11,0.18983999999999998
2014-07-12,0.63196
2014-07-13,0.33839
2014-07-14,0.24519687499999998
2014-07-15,0.07643958333333334
2014-07-16,0.4163833333333333
2014-07-17,0.32927291666666664
2014-07-18,0.495912
2014-07-19,0.336975
2014-07-20,0.69755
2014-07-21,0.23373902439024388
2014-07-22,0.335604
2014-07-23,0.3980675
2014-07-24,0.38904285714285713
2014-07-25,0.4916823529411765
2014-07-26,0.609725
2014-07-27,0.609725
2014-07-28,-0.003315151515151515
2014-07-29,0.3679337837837838
2014-07-30,0.3802212121212121
2014-07-31,0.3384095238095238
2014-08-01,0.18588235294117647
2014-08-02,0.029147826086956527
2014-08-03,-0.05725555555555554
2014-08-04,-0.09712999999999998
2014-08-05,0.19608461538461538
2014-08-06,0.30422352941176467
2014-08-07,0.15017
2014-08-08,0.04847567567567568
2014-08-09,0.13467368421052633
2014-08-11,0.25478518518518517
2014-08-12,0.3347864864864865
2014-08-13,0.3917516129032258
2014-08-14,0.0
2014-08-15,0.0
2014-08-18,0.20804999999999998
2014-08-19,0.4232888888888889
2014-08-20,0.4774416666666667
2014-08-21,0.3966484848484848
2014-08-22,0.20674545454545454
2014-08-23,0.09109259259259259
2014-08-24,0.2073375
2014-08-25,-0.021832558139534875
2014-08-26,0.12245714285714286
2014-08-27,0.5514666666666667
2014-08-28,0.4777724137931034
2014-08-29,0.29006470588235295
2014-08-30,0.4723
2014-08-31,0.17979444444444445
2014-09-01,0.35192826086956525
2014-09-02,0.6156930232558139
2014-09-03,0.3931581395348837
2014-09-04,0.20710769230769233
2014-09-05,0.40478333333333333
2014-09-06,0.28935757575757576
2014-09-07,0.74612
2014-09-08,0.4165952380952381
2014-09-09,0.19474750000000002
2014-09-10,0.35854782608695657
2014-09-11,0.3355851063829787
2014-09-12,-0.19116
2014-09-13,0.4628833333333333
2014-09-14,0.4552
2014-09-15,0.3169
2014-09-16,0.04314242424242423
2014-09-17,0.2513018018018018
2014-09-18,0.34801333333333334
2014-09-19,0.5180115384615385
2014-09-20,-0.233075
2014-09-21,0.36772499999999997
2014-09-22,0.22125500000000003
2014-09-23,0.2767673469387755
2014-09-24,0.4340529411764706
2014-09-25,0.18934782608695655
2014-09-26,0.4461535714285714
2014-09-27,0.1474888888888889
2014-09-28,0.23160833333333333
2014-09-29,0.41574920634920637
2014-09-30,0.139771875
2014-10-01,0.18531044776119404
2014-10-02,0.3507260869565218
2014-10-03,0.21740588235294117
2014-10-04,-0.1841
2014-10-05,-0.22832727272727274
2014-10-06,0.22995945945945945
2014-10-07,0.23626875
2014-10-08,0.04675777777777779
2014-10-09,0.25052372881355933
2014-10-10,-0.004813157894736842
2014-10-11,0.1702686274509804
2014-10-12,0.008928571428571421
2014-10-13,0.142172131147541
2014-10-14,0.12093076923076923
2014-10-15,0.2505489361702128
2014-10-16,0.07006904761904761
2014-10-17,0.2190774193548387
2014-10-18,0.2043
2014-10-19,0.08517777777777777
2014-10-20,0.21713846153846153
2014-10-21,0.15118536585365852
2014-10-22,0.2336864864864865
2014-10-23,0.23910681818181817
2014-10-24,-0.06555277777777777
2014-10-25,0.5435666666666666
2014-10-26,0.20699499999999998
2014-10-27,0.40911754385964916
2014-10-28,0.24239166666666667
2014-10-29,0.2323015625
2014-10-30,0.2002025641025641
2014-10-31,0.20496666666666666
2014-11-01,0.2964290322580645
2014-11-02,0.36237368421052635
2014-11-03,0.35328541666666663
2014-11-04,0.3154166666666667
2014-11-05,0.2223904761904762
2014-11-06,0.17679718309859155
2014-11-07,0.4415548780487805
2014-11-08,-0.14526
2014-11-09,0.41956363636363636
2014-11-10,0.3890268041237113
2014-11-11,0.39422333333333337
2014-11-12,0.4907409090909091
2014-11-13,0.5151333333333334
2014-11-14,0.30788333333333334
2014-11-16,0.10147692307692305
2014-11-17,0.1812
2014-11-18,0.24094864864864868
2014-11-19,0.3551571428571429
2014-11-20,0.16579166666666667
2014-11-21,0.3626818181818182
2014-11-22,0.40554324324324326
2014-11-23,0.3952805555555556
2014-11-24,0.23650897435897436
2014-11-25,0.13087941176470588
2014-11-26,0.3309137254901961
2014-11-27,0.2826230769230769
2014-11-28,0.320484
2014-11-29,0.2666869565217391
2014-11-30,0.07928333333333333
2014-12-01,0.20479873417721522
2014-12-02,0.2984619565217391
2014-12-03,0.36313289473684207
2014-12-04,0.319825
2014-12-05,0.28454666666666667
2014-12-06,0.22222857142857144
2014-12-07,0.24701153846153845
2014-12-08,0.16281805555555556
2014-12-09,0.25188571428571427
2014-12-10,0.2787822916666667
2014-12-11,0.1972084745762712
2014-12-12,0.04767619047619048
2014-12-13,0.1398103448275862
2014-12-14,0.5433333333333333
2014-12-15,0.350786170212766
2014-12-16,0.24282051282051284
2014-12-17,0.18652727272727274
2014-12-18,0.2067157894736842
2014-12-19,0.17250000000000001
2014-12-20,0.239505
2014-12-21,0.17769000000000001
2014-12-22,0.33667142857142857
2014-12-23,0.10839666666666668
2014-12-24,0.3025808219178082
2014-12-25,0.36206875
2014-12-26,0.485327027027027
2014-12-27,0.53704
2014-12-28,0.44341785714285714
2014-12-29,0.32941739130434783
2014-12-30,0.2223657142857143
2014-12-31,0.3952185185185185
2015-01-01,0.4577404255319149
2015-01-02,0.3562
2015-01-03,0.21774032258064516
2015-01-04,0.29756794258373204
2015-01-05,0.3495657342657343
2015-01-06,0.31014285714285716
2015-01-07,0.061678260869565224
2015-01-08,0.22627070063694268
2015-01-09,0.39972911392405064
2015-01-10,0.071875
2015-01-11,0.2366909090909091
2015-01-12,0.06608275862068966
2015-01-13,0.23308064516129032
2015-01-14,0.2936258064516129
2015-01-15,0.40756000000000003
2015-01-16,0.2126153846153846
2015-01-17,0.3467786885245902
2015-01-18,0.3445076923076923
2015-01-19,0.43093068181818184
2015-01-20,0.39267522123893805
2015-01-21,0.11171190476190475
2015-01-22,0.34943714285714284
2015-01-23,0.373356
2015-01-24,0.37493220338983047
2015-01-25,0.3140313725490196
2015-01-26,0.23792549019607842
2015-01-27,0.23069345794392523
2015-01-28,0.29819538461538464
2015-01-29,0.281172
2015-01-30,0.3299525423728814
2015-01-31,0.4034466666666667
2015-02-01,0.15012
2015-02-02,0.3207558139534884
2015-02-03,0.3220908045977011
2015-02-04,0.3241103448275862
2015-02-05,0.31605500000000003
2015-02-06,0.41794705882352945
2015-02-07,-0.2205111111111111
2015-02-08,-0.11435
2015-02-09,0.38443241379310344
2015-02-10,0.29112028985507243
2015-02-11,0.3416444444444444
2015-02-12,0.5373652173913043
2015-02-13,0.21361388888888888
2015-02-14,0.34276538461538464
2015-02-15,0.4394809523809523
2015-02-16,0.3508304347826087
2015-02-17,0.6104636363636363
2015-02-18,0.41116785714285714
2015-02-19,0.24584999999999999
2015-02-20,0.35294333333333333
2015-02-21,0.3826294117647059
2015-02-22,0.2973785714285714
2015-02-23,0.230322
2015-02-24,0.19024615384615387
2015-02-25,0.2917125
2015-02-26,-0.12498000000000001
2015-02-27,0.07224
2015-02-28,0.01615999999999999
2015-03-01,0.04886666666666666
2015-03-02,0.3548166666666666
2015-03-03,0.5377285714285714
2015-03-04,0.4323272727272727
2015-03-05,0.4026897435897436
2015-03-06,0.38024444444444444
2015-03-07,0.4767
2015-03-08,0.5103
2015-03-09,0.5228823529411765
2015-03-10,0.7346375
2015-03-11,0.38246129032258064
2015-03-12,0.11853928571428571
2015-03-13,0.14549333333333334
2015-03-14,0.6113666666666666
2015-03-15,0.731375
2015-03-16,0.5549205882352941
2015-03-17,0.285572
2015-03-18,0.399975
2015-03-19,0.4541206896551724
2015-03-20,0.6378090909090909
2015-03-22,0.3907666666666667
2015-03-23,0.42162499999999997
2015-03-24,0.3310092592592593
2015-03-25,0.3197795918367347
2015-03-26,0.1813813953488372
2015-03-27,0.31414615384615385
2015-03-29,-0.8074
2015-03-30,0.18799090909090907
2015-03-31,0.390884375
2015-04-01,0.40682086956521735
2015-04-02,0.46785454545454547
2015-04-03,-0.06344999999999999
2015-04-04,0.34593636363636365
2015-04-05,0.42050666666666664
2015-04-06,0.26383880597014925
2015-04-07,0.32637435897435896
2015-04-08,0.36061891891891895
2015-04-09,0.389171875
2015-04-10,0.4335966101694915
2015-04-11,0.4011125
2015-04-12,0.1778487654320988
2015-04-13,0.25981184210526315
2015-04-14,0.17709999999999998
2015-04-15,0.3507506329113924
2015-04-16,0.22505060240963856
2015-04-17,0.2315913043478261
2015-04-18,0.23025081967213112
2015-04-19,0.3485672131147541
2015-04-20,0.3742179775280899
2015-04-21,0.19576666666666664
2015-04-22,0.2775484848484849
2015-04-23,0.4437830985915493
2015-04-24,0.48853
2015-04-25,0.4008983050847457
2015-04-27,0.29903090909090907
2015-04-28,-0.073725
2015-04-29,0.4134740740740741
2015-04-30,0.21683947368421053
2015-05-01,0.2577049382716049
2015-05-02,0.4486918918918919
2015-05-03,0.2864189189189189
2015-05-04,0.3062589285714286
2015-05-05,0.2937028169014084
2015-05-06,0.298778
2015-05-07,0.34626551724137933
2015-05-08,0.38359
2015-05-09,0.3867774193548387
2015-05-10,0.308216
2015-05-11,0.2358848484848485
2015-05-12,0.06177833333333334
2015-05-13,0.12594473684210525
2015-05-14,0.23178333333333334
2015-05-15,0.2532608695652174
2015-05-16,0.5237864864864864
2015-05-17,0.20568333333333333
2015-05-18,0.331030303030303
2015-05-19,0.377792
2015-05-20,0.264753164556962
2015-05-21,0.32879043478260866
2015-05-22,0.30525675675675673
2015-05-23,0.25701621621621623
2015-05-24,0.39595
2015-05-25,0.3743657142857143
2015-05-26,0.3930680555555555
2015-05-27,0.3815631578947368
2015-05-28,0.2927650793650794
2015-05-29,0.258232
2015-05-30,-0.18055454545454544
2015-05-31,0.1434351851851852
2015-06-01,0.16728400000000002
2015-06-02,0.4050088235294118
2015-06-03,0.1648
2015-06-04,0.34225925925925926
2015-06-05,0.2540661016949153
2015-06-06,0.3560676470588235
2015-06-07,0.32562413793103445
2015-06-08,0.30857999999999997
2015-06-09,0.3444470588235294
2015-06-10,0.0
2015-06-11,0.3844518518518519
2015-06-12,0.3348059701492538
2015-06-13,0.496125
2015-06-14,0.6254481481481482
2015-06-15,0.11818
2015-06-16,0.4385716417910448
2015-06-17,0.30506875
2015-06-18,0.2775714285714286
2015-06-19,0.17257868852459016
2015-06-20,0.2707866666666667
2015-06-21,0.34002941176470586
2015-06-22,0.28819397590361445
2015-06-23,0.30425238095238094
2015-06-24,0.36343783783783784
2015-06-25,0.15342857142857144
2015-06-26,0.48904
2015-06-27,0.18246206896551725
2015-06-28,0.19654696969696972
2015-06-29,0.23384590163934427
2015-06-30,0.10643478260869565
2015-07-01,-0.01250689655172415
2015-07-02,0.22296761904761905
2015-07-03,0.14787380952380952
2015-07-04,0.11130281690140845
2015-07-05,0.18858194444444443
2015-07-06,0.24394782608695653
2015-07-07,0.20828695652173912
2015-07-08,0.21967179487179486
2015-07-09,0.038738888888888885
2015-07-10,0.07924545454545454
2015-07-11,0.21261636363636366
2015-07-12,-0.15291176470588236
2015-07-13,0.1808578947368421
2015-07-14,0.3160085714285714
2015-07-15,0.12194090909090907
2015-07-16,0.05120270270270271
2015-07-17,0.1344475
2015-07-18,0.1229457627118644
2015-07-19,0.24889722222222221
2015-07-20,0.12472463768115942
2015-07-21,0.15960849056603776
2015-07-22,0.1975964285714286
2015-07-23,0.21682419354838708
2015-07-24,0.225528
2015-07-25,0.15455147058823532
2015-07-26,0.13718524590163933
2015-07-27,0.2992053333333333
2015-07-28,0.14809523809523809
2015-07-29,0.1318777777777778
2015-07-30,0.2759
2015-07-31,0.19971875
2015-08-01,0.0
2015-08-02,0.21387727272727275
2015-08-03,0.2897366197183099
2015-08-04,0.3444357142857143
2015-08-05,0.19016666666666668
2015-08-06,0.14892692307692307
2015-08-07,0.23361071428571428
2015-08-08,0.1564
2015-08-09,0.33418928571428574
2015-08-10,0.4402037037037037
2015-08-11,0.019354545454545458
2015-08-12,0.0
2015-08-13,0.049949999999999994
2015-08-14,0.8172
2015-08-15,0.6882142857142857
2015-08-16,0.6574333333333334
2015-08-17,0.3797344827586207
2015-08-18,0.29026799999999997
2015-08-19,0.6811583333333333
2015-08-20,0.3729823529411765
2015-08-21,0.1158153846153846
2015-08-22,0.18635000000000002
2015-08-23,0.07919999999999999
2015-08-24,0.14732820512820513
2015-08-25,0.1527736842105263
2015-08-26,0.7170555555555556
2015-08-27,0.3043388888888889
2015-08-28,0.30827692307692306
2015-08-29,0.4066916666666667
2015-08-30,0.5347333333333334
2015-08-31,0.3307473684210526
2015-09-01,0.1293258064516129
2015-09-02,0.10680967741935485
2015-09-03,0.23059166666666667
2015-09-04,0.49945384615384614
2015-09-05,0.10277499999999999
2015-09-06,0.15215897435897435
2015-09-07,0.18798048780487805
2015-09-08,0.29382592592592593
2015-09-09,0.006653846153846155
2015-09-10,0.32486000000000004
2015-09-11,0.46586
2015-09-12,0.4513116883116883
2015-09-13,0.28417
2015-09-14,0.4035571428571429
2015-09-15,0.480340625
2015-09-16,0.48138947368421053
2015-09-17,0.37007142857142855
2015-09-18,0.33209999999999995
2015-09-19,0.0035125000000000017
2015-09-20,0.3530357142857143
2015-09-21,0.07858859649122807
2015-09-22,-0.004610344827586201
2015-09-23,0.056525000000000006
2015-09-24,-0.0389
2015-09-25,0.015828571428571424
2015-09-26,0.2719863636363637
2015-09-27,0.31113999999999997
2015-09-28,0.24169714285714286
2015-09-29,0.09776923076923076
2015-09-30,0.275325
2015-10-01,0.19914242424242423
2015-10-02,0.3373285714285714
2015-10-03,0.35368205128205127
2015-10-04,0.22126727272727273
2015-10-05,0.29655909090909094
2015-10-06,0.2525539473684211
2015-10-07,0.22692093023255813
2015-10-08,0.3545701754385965
2015-10-09,0.44256481481481486
2015-10-10,0.47565405405405403
2015-10-11,0.3911428571428571
2015-10-12,0.4565909090909091
2015-10-13,0.16640719999999998
2015-10-14,0.222944
2015-10-15,0.23667272727272728
2015-10-16,0.3442304347826087
2015-10-17,0.4255464285714286
2015-10-18,0.18380504201680672
2015-10-19,0.211052
2015-10-20,0.3786076923076923
2015-10-21,0.3241232558139535
2015-10-22,0.21101176470588237
2015-10-23,0.25218
2015-10-24,0.2821139534883721
2015-10-25,0.24419891304347827
2015-10-26,0.16974999999999998
2015-10-27,0.3671179487179487
2015-10-28,0.385016
2015-10-29,0.5030636363636364
2015-10-30,0.37558947368421053
2015-10-31,0.27038387096774197
2015-11-01,0.17107045454545455
2015-11-02,0.3281488372093023
2015-11-03,0.229148
2015-11-04,0.360525
2015-11-05,-0.0032035714285714107
2015-11-06,0.10106056338028169
2015-11-07,0.30885094339622643
2015-11-08,0.43289589041095894
2015-11-09,0.24169473684210527
2015-11-10,0.2852235294117647
2015-11-11,0.4014260869565217
2015-11-12,-0.11459555555555555
2015-11-13,0.08437777777777777
2015-11-14,0.12075357142857143
2015-11-15,0.07521020408163265
2015-11-16,0.22234
2015-11-17,0.12968888888888888
2015-11-18,0.32994615384615383
2015-11-19,0.058840816326530605
2015-11-20,0.18715217391304348
2015-11-21,0.3386450704225352
2015-11-22,0.2158078431372549
2015-11-23,0.08108
2015-11-24,0.38448
2015-11-25,0.16048285714285715
2015-11-26,0.18263846153846153
2015-11-27,0.03309411764705882
2015-11-28,0.34471111111111113
2015-11-29,0.2006257142857143
2015-11-30,0.30339375
2015-12-01,0.249575
2015-12-02,0.08136216216216216
2015-12-03,0.377132
2015-12-04,0.2834340909090909
2015-12-05,0.4850555555555556
2015-12-06,0.10033692307692309
2015-12-07,0.09286363636363637
2015-12-08,0.27698181818181816
2015-12-09,0.05058000000000001
2015-12-10,0.28949166666666665
2015-12-11,0.4121736842105263
2015-12-12,0.26857555555555557
2015-12-13,0.1828463768115942
2015-12-14,0.37402
2015-12-15,0.16853559322033898
2015-12-16,0.29228000000000004
2015-12-17,-0.01075000000000001
2015-12-18,-0.113632
2015-12-19,0.0925125
2015-12-20,0.046653125
2015-12-21,0.0865525
2015-12-22,0.14611875
2015-12-23,-0.10241612903225807
2015-12-24,-0.007950000000000006
2015-12-25,0.323640625
2015-12-26,-0.37144166666666667
2015-12-27,-0.11243157894736842
2015-12-28,0.11746551724137932
2015-12-29,0.2208121212121212
2015-12-30,0.41944473684210526
2015-12-31,0.2774243902439025
2016-01-01,0.4225409090909091
2016-01-02,0.30586060606060606
2016-01-03,-0.04664827586206897
2016-01-04,0.37228500000000003
2016-01-05,0.3628633333333333
2016-01-06,0.17664999999999997
2016-01-07,0.05964545454545454
2016-01-08,0.2937809523809524
2016-01-09,0.4850833333333333
2016-01-10,0.3016217391304348
2016-01-11,0.36237
2016-01-12,0.2393590909090909
2016-01-13,0.02973333333333334
2016-01-14,0.0991818181818182
2016-01-15,0.20109333333333332
2016-01-16,0.19731538461538461
2016-01-17,0.17368333333333333
2016-01-18,0.60103125
2016-01-19,0.324721875
2016-01-20,0.4930526315789474
2016-01-21,-0.04747575757575758
2016-01-22,0.05978360655737705
2016-01-23,0.28121
2016-01-24,0.4632205128205128
2016-01-25,0.014306976744186045
2016-01-26,-0.023662500000000006
2016-01-27,0.10236190476190477
2016-01-28,0.17079848484848487
2016-01-29,0.4317272727272727
2016-01-30,0.3407
2016-01-31,0.12394848484848485
2016-02-01,0.6058333333333333
2016-02-02,0.4387962962962963
2016-02-03,-0.22598620689655172
2016-02-04,0.15444444444444444
2016-02-05,0.1637357142857143
2016-02-06,0.10629677419354838
2016-02-07,0.33775800000000006
2016-02-08,0.24436190476190475
2016-02-09,0.35634838709677424
2016-02-10,0.14397222222222222
2016-02-11,-0.10025
2016-02-12,-0.13056666666666666
2016-02-13,0.205228
2016-02-14,0.10573428571428571
2016-02-15,-0.110725
2016-02-16,0.4322086956521739
2016-02-17,-0.12975
2016-02-18,0.30296296296296293
2016-02-19,0.2973852941176471
2016-02-20,0.07577692307692309
2016-02-21,0.4133
2016-02-22,0.028959574468085107
2016-02-23,0.29502093023255815
2016-02-24,0.14947777777777776
2016-02-25,0.13113333333333332
2016-02-26,0.2581779661016949
2016-02-27,0.36824545454545454
2016-02-28,0.05137678571428571
2016-02-29,0.3240518518518518
2016-03-01,0.44271818181818184
2016-03-02,0.2134309523809524
2016-03-03,0.18295641025641027
2016-03-04,0.10937272727272727
2016-03-05,0.3106358974358975
2016-03-06,0.21431481481481482
2016-03-07,0.10510606060606062
2016-03-08,0.185785
2016-03-09,0.16927142857142854
2016-03-10,0.07110000000000001
2016-03-11,0.5477894736842105
2016-03-12,0.18275588235294118
2016-03-13,-0.11308571428571429
2016-03-14,0.02452105263157894
2016-03-15,0.13488936170212767
2016-03-16,0.4244673469387755
2016-03-17,-0.040659259259259256
2016-03-18,-0.010247500000000003
2016-03-19,0.34354222222222225
2016-03-20,0.195944
2016-03-21,-0.4199
2016-03-22,-0.18058275862068968
2016-03-23,0.022146428571428584
2016-03-24,-0.16935744680851064
2016-03-25,-0.6641999999999999
2016-03-26,0.20505217391304348
2016-03-27,0.18439999999999998
2016-03-28,0.07129473684210526
2016-03-29,0.06719705882352942
2016-03-30,0.3907083333333334
2016-03-31,0.4739923076923077
2016-04-01,0.1070857142857143
2016-04-02,0.31565882352941177
2016-04-03,0.43105185185185185
2016-04-04,0.631357894736842
2016-04-05,0.3489785714285714
2016-04-06,0.44530000000000003
2016-04-07,0.13061
2016-04-08,0.3334533333333333
2016-04-09,0.402262962962963
2016-04-10,0.14203181818181818
2016-04-11,0.3951
2016-04-12,0.6759166666666667
2016-04-13,0.3165230769230769
2016-04-14,0.4093875
2016-04-15,0.5727666666666666
2016-04-16,0.406956
2016-04-17,0.3405722222222222
2016-04-18,-0.25658461538461536
2016-04-19,0.2779741935483871
2016-04-20,0.3290315789473684
2016-04-21,0.26322727272727275
2016-04-22,0.5500222222222222
2016-04-23,0.34144090909090913
2016-04-24,0.36996
2016-04-25,0.018982352941176475
2016-04-26,0.15479696969696968
2016-04-27,0.5337227272727273
2016-04-28,0.43075600000000003
2016-04-29,0.20357142857142857
2016-04-30,0.2149181818181818
2016-05-01,0.18598823529411765
2016-05-02,0.4487434782608695
2016-05-03,0.5459999999999999
2016-05-04,0.4967529411764706
2016-05-05,0.07339090909090909
2016-05-06,0.21121071428571428
2016-05-07,-0.014881249999999999
2016-05-08,0.2765857142857143
2016-05-09,0.1244342105263158
2016-05-10,0.26537241379310345
2016-05-11,0.014957142857142855
2016-05-12,0.71634
2016-05-13,0.19315000000000002
2016-05-14,-0.09343333333333333
2016-05-15,0.1589
2016-05-16,-0.2630153846153846
2016-05-17,0.19498767123287675
2016-05-18,0.36137962962962966
2016-05-19,-0.14652222222222222
2016-05-20,0.16674
2016-05-21,0.1376318181818182
2016-05-22,-0.1808470588235294
2016-05-23,0.22219166666666668
2016-05-24,0.08633
2016-05-25,0.315359375
2016-05-26,0.2637125
2016-05-27,0.6045833333333334
2016-05-28,0.14256666666666667
2016-05-29,0.6103999999999999
2016-05-30,0.26015172413793103
2016-05-31,0.4921857142857143
2016-06-01,-0.1152909090909091
2016-06-02,0.12843095238095237
2016-06-03,0.25757142857142856
2016-06-04,0.30266000000000004
2016-06-05,-0.2358
2016-06-06,-0.0011238095238095224
2016-06-07,0.3568
2016-06-08,0.30767567567567566
2016-06-09,0.22115714285714289
2016-06-10,0.3584814814814815
2016-06-11,0.22321176470588236
2016-06-12,-0.26586499999999996
2016-06-13,-0.2276913043478261
2016-06-14,0.250025
2016-06-15,0.12886
2016-06-16,0.08241538461538463
2016-06-17,0.3653166666666666
2016-06-18,0.2938
2016-06-19,0.142475
2016-06-20,0.31206666666666666
2016-06-21,-0.3303884615384615
2016-06-22,0.22263636363636363
2016-06-23,0.25122903225806453
2016-06-24,0.261752
2016-06-25,0.13993125
2016-06-26,-0.1320037037037037
2016-06-27,-0.3307571428571428
2016-06-28,-0.12462500000000003
2016-06-29,0.3560055555555556
2016-06-30,0.29659
2016-07-01,-0.03448636363636362
2016-07-02,0.12479166666666665
2016-07-03,-0.0276375
2016-07-04,-0.09847916666666666
2016-07-05,0.012952941176470589
2016-07-06,-0.19818571428571427
2016-07-07,0.35465833333333335
2016-07-08,-0.48736999999999997
2016-07-09,0.63958
2016-07-10,-0.4619
2016-07-11,0.26170000000000004
2016-07-12,-0.017217857142857142
2016-07-13,0.19597142857142855
2016-07-14,0.09059473684210526
2016-07-15,-0.19099
2016-07-16,0.227
2016-07-17,-0.2764344827586207
2016-07-18,0.5676818181818182
2016-07-19,0.3749454545454545
2016-07-20,0.452475
2016-07-21,0.4214346153846154
2016-07-22,0.5119285714285715
2016-07-23,-0.3705678571428571
2016-07-24,-0.177484375
2016-07-25,-0.011878260869565217
2016-07-26,-0.054406896551724135
2016-07-27,0.036199999999999996
2016-07-28,0.04545
2016-07-29,-0.20779999999999998
2016-07-30,0.04277674418604652
2016-07-31,-0.14989375
2016-08-01,0.004237499999999996
2016-08-02,0.05775
2016-08-03,0.41276999999999997
2016-08-04,0.32432142857142854
2016-08-05,-0.07840625000000001
2016-08-06,-0.09637777777777777
2016-08-07,-0.06275555555555556
2016-08-08,0.27148125
2016-08-09,0.3077708333333333
2016-08-10,-0.021591999999999993
2016-08-11,-0.07037272727272727
2016-08-12,0.08232105263157896
2016-08-13,0.5788066666666667
2016-08-14,-0.358935294117647
2016-08-15,-0.06676666666666667
2016-08-16,-0.0849
2016-08-17,0.004015789473684212
2016-08-18,0.1436125
2016-08-19,0.155225
2016-08-20,0.40129333333333334
2016-08-21,0.3810928571428572
2016-08-22,0.14709545454545456
2016-08-23,0.12591764705882352
2016-08-24,0.40809999999999996
2016-08-25,-0.1275
2016-08-26,0.02812068965517241
2016-08-27,0.17085454545454545
2016-08-28,0.4077
2016-08-29,-0.323952
2016-08-30,0.12143076923076922
2016-08-31,0.22686
2016-09-01,0.42356499999999997
2016-09-02,0.38805
2016-09-03,0.2626
2016-09-04,-0.11986875
2016-09-05,-0.0344
2016-09-06,0.33719130434782607
2016-09-07,0.3361666666666667
2016-09-08,0.2387846153846154
2016-09-09,-0.008406250000000004
2016-09-10,0.34099545454545455
2016-09-11,-0.13092499999999999
2016-09-12,0.36104444444444445
2016-09-13,0.4348625
2016-09-14,0.4738347826086957
2016-09-15,0.48774347826086956
2016-09-16,0.5765571428571429
2016-09-17,-0.30014545454545455
2016-09-18,0.08176666666666668
2016-09-19,0.11294210526315789
2016-09-20,0.2109222222222222
2016-09-21,0.47726153846153846
2016-09-22,0.3263
2016-09-23,-0.036418181818181815
2016-09-24,0.271325
2016-09-25,0.005136363636363651
2016-09-26,0.132096
2016-09-27,0.34636617647058826
2016-09-28,0.4697176470588235
2016-09-29,0.3194642857142857
2016-09-30,-0.19290833333333335
2016-10-01,0.10765833333333334
2016-10-02,0.39442727272727274
2016-10-03,0.2851375
2016-10-04,0.2043938775510204
2016-10-05,0.2461032258064516
2016-10-06,0.2612428571428571
2016-10-07,0.0
2016-10-08,0.14573333333333335
2016-10-09,0.05979827586206897
2016-10-10,0.030161224489795926
2016-10-11,0.25267741935483873
2016-10-12,0.04265
2016-10-13,0.20242777777777776
2016-10-14,0.23544615384615383
2016-10-15,0.07332608695652175
2016-10-16,-0.11831470588235293
2016-10-17,0.0696047619047619
2016-10-18,-0.02618571428571428
2016-10-19,-0.011427368421052632
2016-10-20,0.049791208791208796
2016-10-21,0.1908
2016-10-22,0.21960810810810813
2016-10-23,0.14466521739130436
2016-10-24,0.34414324324324325
2016-10-25,-0.0053970588235294215
2016-10-26,0.24768181818181817
2016-10-27,0.15915294117647058
2016-10-28,-0.07209545454545455
2016-10-29,0.2419611111111111
2016-10-30,0.519025
2016-10-31,0.50843125
2016-11-01,0.092975
2016-11-02,0.32968461538461535
2016-11-03,0.35134117647058827
2016-11-04,0.19339
2016-11-05,0.44884583333333333
2016-11-06,0.46286428571428573
2016-11-07,0.3566857142857143
2016-11-08,0.3528826086956522
2016-11-09,0.3482
2016-11-10,0.5028250000000001
2016-11-11,0.4969625
2016-11-12,0.9501
2016-11-13,0.2969125
2016-11-15,0.50356
2016-11-16,-0.08962222222222224
2016-11-17,0.6778
2016-11-18,0.71855
2016-11-19,0.27907499999999996
2016-11-20,0.24794
2016-11-21,0.48513333333333336
2016-11-22,0.06807999999999999
2016-11-23,0.4663
2016-11-24,0.709325
2016-11-26,-0.37360000000000004
2016-11-27,0.1381913043478261
2016-11-28,-0.07685
2016-11-29,0.032605555555555554
2016-11-30,0.31269
2016-12-01,0.567825
2016-12-02,0.176225
2016-12-03,0.26783
2016-12-04,0.0005714285714285719
2016-12-05,0.26592000000000005
2016-12-06,-0.08131666666666666
2016-12-07,0.4308111111111111
2016-12-08,0.47885
2016-12-09,0.5853571428571429
2016-12-10,0.3182307692307692
2016-12-11,0.4659
2016-12-12,-0.020913333333333346
2016-12-13,0.4243357142857143
2016-12-14,0.6981333333333334
2016-12-15,-0.03389999999999999
2016-12-16,0.295825
2016-12-17,0.4254090909090909
2016-12-18,-0.09324999999999999
2016-12-19,0.397825
2016-12-20,0.52293
2016-12-21,0.6667428571428572
2016-12-22,0.42807000000000006
2016-12-23,-0.40620833333333334
2016-12-24,-0.044028571428571465
2016-12-25,0.4211
2016-12-26,0.22619999999999998
2016-12-27,0.6432666666666667
2016-12-28,0.18308888888888888
2016-12-29,0.0
2016-12-30,0.5400333333333334
2016-12-31,0.22628000000000004
2017-01-01,0.8908
2017-01-02,-0.059891666666666656
2017-01-03,0.06860909090909093
2017-01-04,-0.19263500000000003
2017-01-05,-0.05528666666666668
2017-01-06,0.37292173913043475
2017-01-07,0.15396428571428572
2017-01-08,0.1907090909090909
2017-01-09,-0.02706250000000001
2017-01-10,0.5309
2017-01-11,-0.013350000000000006
2017-01-12,0.18024999999999997
2017-01-13,0.098025
2017-01-14,-0.354475
2017-01-15,-0.15143125
2017-01-16,0.2566428571428572
2017-01-17,0.06994736842105265
2017-01-18,0.1520388888888889
2017-01-19,0.51053125
2017-01-20,0.163668
2017-01-21,0.8826333333333333
2017-01-22,0.2444
2017-01-23,0.4939
2017-01-24,0.33845
2017-01-25,0.04874375
2017-01-26,-0.07908571428571429
2017-01-27,0.21775333333333335
2017-01-28,-0.17802222222222222
2017-01-29,-0.5156916666666667
2017-01-30,-0.1036764705882353
2017-01-31,0.22386250000000002
2017-02-01,-0.09361428571428573
2017-02-02,0.10347142857142858
2017-02-03,-0.14264285714285715
2017-02-04,-0.3523894736842105
2017-02-05,0.16882999999999998
2017-02-06,-0.40865999999999997
2017-02-07,-0.20551250000000001
2017-02-08,0.14362727272727271
2017-02-09,0.19666428571428574
2017-02-10,-0.10114999999999998
2017-02-11,0.3062533333333333
2017-02-12,-0.026566666666666655
2017-02-13,0.5098625
2017-02-14,0.13569
2017-02-15,0.01439047619047617
2017-02-16,-0.2488
2017-02-17,0.009593333333333327
2017-02-18,-0.23408333333333334
2017-02-19,0.0
2017-02-20,0.42640000000000006
2017-02-21,-0.07105
2017-02-22,0.35547999999999996
2017-02-23,-0.118825
2017-02-24,-0.3119
2017-02-25,0.3974923076923077
2017-02-26,-0.505125
2017-02-27,0.6231
2017-02-28,0.2790333333333333
2017-03-01,0.28395
2017-03-02,0.27954999999999997
2017-03-03,0.058616666666666664
2017-03-04,-0.26825714285714286
2017-03-05,0.3667666666666667
2017-03-06,0.41361428571428566
2017-03-07,0.24565625
2017-03-08,0.5984666666666667
2017-03-09,0.6773428571428572
2017-03-10,0.2799333333333333
2017-03-11,0.6239
2017-03-13,0.15830000000000002
2017-03-14,0.4178
2017-03-15,0.22231333333333334
2017-03-16,0.6769181818181818
2017-03-17,0.5018
2017-03-18,0.5183
2017-03-19,0.0
2017-03-20,-0.0016928571428571387
2017-03-21,0.5562125
2017-03-22,-0.2765666666666667
2017-03-23,-0.07392222222222225
2017-03-24,0.47702500000000003
2017-03-25,0.6309
2017-03-26,0.8344333333333335
2017-03-27,0.39904
2017-03-28,0.2724066666666667
2017-03-29,-0.025911111111111107
2017-03-30,0.08258666666666666
2017-03-31,0.3135882352941176
2017-04-01,-0.2740538461538462
2017-04-02,0.02811250000000002
2017-04-03,0.43366666666666664
2017-04-04,0.5433
2017-04-05,0.5938666666666667
2017-04-06,0.5052666666666666
2017-04-08,0.7036800000000001
2017-04-09,-0.05242
2017-04-10,0.8046
2017-04-11,0.5959
2017-04-12,0.61574
2017-04-13,0.7792333333333333
2017-04-14,0.0
2017-04-16,0.23932727272727278
2017-04-17,0.21384999999999998
2017-04-18,-0.0159875
2017-04-19,0.31305
2017-04-20,0.15568571428571426
2017-04-21,-0.26381
2017-04-22,0.43854166666666666
2017-04-23,-0.14331428571428573
2017-04-24,-0.16246666666666668
2017-04-25,0.27391111111111116
2017-04-26,-0.16198235294117647
2017-04-27,0.149
2017-04-28,0.45335
2017-04-29,0.5415714285714286
2017-04-30,0.31486000000000003
2017-05-01,0.3322
2017-05-02,0.25943333333333335
2017-05-03,0.392275
2017-05-04,0.06662105263157896
2017-05-05,0.25455
2017-05-06,-0.09794999999999998
2017-05-07,-0.1336
2017-05-08,0.004030769230769231
2017-05-09,-0.03068888888888889
2017-05-10,-0.050888888888888886
2017-05-11,0.14056363636363636
2017-05-12,0.2368
2017-05-13,0.5348
2017-05-14,0.9501
2017-05-15,0.3615333333333333
2017-05-16,0.14503636363636366
2017-05-17,0.922
2017-05-18,0.057233333333333324
2017-05-19,0.50304
2017-05-20,0.62924
2017-05-21,0.0
2017-05-22,0.6114
2017-05-23,0.77535
2017-05-24,0.8220000000000001
2017-05-25,0.52552
2017-05-26,0.2682888888888889
2017-05-27,0.18385714285714286
2017-05-28,-0.11347647058823528
2017-05-29,0.5291727272727272
2017-05-30,-0.2409
2017-05-31,0.22875555555555552
2017-06-01,0.1829625
2017-06-02,0.21527500000000002
2017-06-03,0.3104
2017-06-04,-0.15315
2017-06-05,0.04700588235294119
2017-06-06,-0.07335
2017-06-07,0.3748571428571429
2017-06-09,0.7127249999999999
2017-06-10,0.222225
2017-06-11,-0.14167999999999997
2017-06-12,0.25403636363636367
2017-06-13,-0.15068823529411765
2017-06-14,0.613857142857143
2017-06-15,0.18780833333333335
2017-06-16,0.08277857142857145
2017-06-17,0.48394000000000004
2017-06-18,0.6412
2017-06-19,0.1421
2017-06-20,0.24109375
2017-06-21,0.73729
2017-06-22,0.166444
2017-06-23,0.26616428571428574
2017-06-24,-0.09394545454545454
2017-06-25,-0.522
2017-06-26,-0.05918749999999999
2017-06-27,-0.37493000000000004
2017-06-28,-0.011361111111111093
2017-06-29,-0.011799999999999995
2017-06-30,-0.03839375000000001
2017-07-01,0.16312500000000002
2017-07-02,0.2647909090909091
2017-07-03,0.36089499999999997
2017-07-04,0.10333333333333333
2017-07-05,0.057337499999999986
2017-07-06,0.3767
2017-07-07,0.37967692307692313
2017-07-08,0.41925
2017-07-09,0.19498181818181817
2017-07-10,-0.09652222222222223
2017-07-11,0.04332222222222223
2017-07-12,0.295421052631579
2017-07-13,0.623075
2017-07-14,0.3699863636363636
2017-07-15,0.4807529411764706
2017-07-16,0.33488823529411765
2017-07-17,0.51032
2017-07-18,-0.10757272727272728
2017-07-19,-0.30564285714285716
2017-07-20,0.25383333333333336
2017-07-21,0.41411818181818183
2017-07-22,0.11852499999999999
2017-07-23,0.01711111111111112
2017-07-24,-0.16167142857142858
2017-07-25,0.1213057142857143
2017-07-26,0.43109545454545456
2017-07-27,0.35828823529411763
2017-07-28,0.6248210526315789
2017-07-29,0.08433333333333333
2017-07-30,-0.04424
2017-07-31,0.33648
2017-08-01,0.004228571428571423
2017-08-02,0.2603888888888889
2017-08-03,0.40516
2017-08-04,0.65404375
2017-08-05,0.3320142857142857
2017-08-06,0.5349666666666667
2017-08-07,0.2314142857142857
2017-08-08,-0.13255555555555557
2017-08-09,0.15931111111111113
2017-08-10,0.22604285714285716
2017-08-11,0.65103
2017-08-12,0.05226666666666667
2017-08-13,-0.3267
2017-08-14,-0.06896923076923077
2017-08-15,0.1681692307692308
2017-08-16,0.34185454545454547
2017-08-17,-0.040372727272727275
2017-08-18,0.08193846153846154
2017-08-19,0.44828235294117647
2017-08-20,-0.19720000000000004
2017-08-21,0.043355555555555564
2017-08-22,0.35654545454545455
2017-08-23,0.30576
2017-08-24,0.2624684210526316
2017-08-25,0.283792
2017-08-26,0.6692615384615385
2017-08-27,0.3803318181818182
2017-08-28,0.3084
2017-08-29,0.0
2017-08-30,0.03963636363636363
2017-08-31,0.8740666666666667
2017-09-01,0.43173846153846157
2017-09-02,0.4178818181818182
2017-09-03,0.35428125
2017-09-04,0.4076
2017-09-05,0.31589999999999996
2017-09-06,0.14738666666666667
2017-09-07,0.43828333333333336
2017-09-08,0.41506000000000004
2017-09-09,0.1700142857142857
2017-09-10,0.43885
2017-09-11,0.38585
2017-09-12,0.527475
2017-09-13,0.026433333333333347
2017-09-14,0.19537083333333335
2017-09-15,-0.230488
2017-09-16,0.5504249999999999
2017-09-17,0.373825
2017-09-18,0.6116
2017-09-19,0.38042941176470585
2017-09-20,0.5810935483870968
2017-09-21,0.58493125
2017-09-22,0.151775
2017-09-23,0.456556
2017-09-24,0.36911875
2017-09-25,0.07823000000000001
2017-09-26,0.2780258064516129
2017-09-27,0.5103954545454545
2017-09-28,0.3915166666666667
2017-09-29,0.2562
2017-09-30,0.3530975
2017-10-01,0.5165444444444445
2017-10-02,0.5235333333333333
2017-10-03,0.5750111111111111
2017-10-04,0.21965333333333337
2017-10-05,-0.02049230769230769
2017-10-06,-0.8999
2017-10-07,0.27955833333333335
2017-10-08,0.2438375
2017-10-09,0.22863333333333336
2017-10-10,-0.13895625
2017-10-11,0.013070370370370392
2017-10-12,0.11064545454545455
2017-10-13,0.06021538461538462
2017-10-14,0.2844583333333333
2017-10-15,0.1987
2017-10-16,0.33954615384615383
2017-10-17,0.3628529411764706
2017-10-18,0.2022875
2017-10-19,0.07461764705882352
2017-10-20,0.22669444444444448
2017-10-21,-0.11737826086956522
2017-10-22,0.15303
2017-10-23,0.0620142857142857
2017-10-24,0.04964999999999999
2017-10-25,0.3925518518518519
2017-10-26,0.13129411764705884
2017-10-27,0.3414857142857143
2017-10-28,0.038644444444444453
2017-10-29,-0.25388
2017-10-30,-0.037175
2017-10-31,-0.17455357142857145
2017-11-01,0.04961818181818182
2017-11-02,0.22176785714285716
2017-11-03,0.03848055555555555
2017-11-04,0.4923555555555555
2017-11-05,0.6455909090909091
2017-11-06,0.2722
2017-11-07,0.22949642857142857
2017-11-08,0.36355625
2017-11-09,0.521975
2017-11-10,0.6466125
2017-11-11,0.27268
2017-11-12,0.3757
2017-11-13,0.45885
2017-11-14,0.6088538461538462
2017-11-15,0.19197142857142854
2017-11-16,0.2503
2017-11-17,0.029100000000000004
2017-11-18,0.05267499999999997
2017-11-19,-0.17609999999999998
2017-11-20,-0.3307444444444444
2017-11-21,0.6122
2017-11-22,-0.02918666666666668
2017-11-23,0.59135625
2017-11-24,-0.16568666666666668
2017-11-25,-0.21204444444444445
2017-11-26,0.06717500000000001
2017-11-27,0.208
2017-11-28,0.17807619047619047
2017-11-29,0.08831333333333333
2017-11-30,0.17490769230769232
2017-12-01,-0.12626153846153843
2017-12-02,0.09882500000000001
2017-12-03,-0.36325625
2017-12-04,0.058250000000000024
2017-12-05,0.7673666666666668
2017-12-06,0.5009666666666667
2017-12-07,0.41097857142857147
2017-12-08,0.03547333333333335
2017-12-09,0.29510416666666667
2017-12-10,-0.06987777777777777
2017-12-11,-0.9272
2017-12-12,0.006018181818181831
2017-12-13,0.430775
2017-12-14,0.45855384615384615
2017-12-15,0.6155
2017-12-16,0.42025
2017-12-17,0.48758
2017-12-18,0.44297368421052635
2017-12-19,0.83542
2017-12-20,0.5555666666666667
2017-12-21,0.39442
2017-12-22,0.29757272727272727
2017-12-23,0.1253
2017-12-24,0.5865375
2017-12-25,0.8053000000000001
2017-12-26,0.5440857142857143
2017-12-27,0.22383333333333333
2017-12-28,0.14572307692307693
2017-12-29,0.28304444444444443
2017-12-30,-0.071975
2017-12-31,0.441425
2018-01-01,0.36488571428571426
2018-01-02,0.37720000000000004
2018-01-03,0.2256888888888889
2018-01-04,0.1301125
2018-01-05,0.009949999999999995
2018-01-06,-0.006033333333333317
2018-01-07,0.0709583333333333
2018-01-08,0.15544545454545455
2018-01-09,0.830509090909091
2018-01-10,0.38332941176470586
2018-01-11,0.07520869565217392
2018-01-12,0.2509272727272727
2018-01-13,-0.055940000000000004
2018-01-14,0.16065000000000002
2018-01-15,0.2672
2018-01-16,0.28226249999999997
2018-01-17,0.45028181818181817
2018-01-18,0.39337916666666667
2018-01-19,0.16607857142857144
2018-01-20,0.3224294117647059
2018-01-21,0.1517
2018-01-22,0.2130375
2018-01-23,0.7759999999999999
2018-01-24,0.19803333333333334
2018-01-25,0.5441
2018-01-26,0.47869230769230775
2018-01-27,0.30088888888888893
2018-01-28,-0.07566666666666667
2018-01-29,0.636
2018-01-30,0.296
2018-01-31,0.296
2018-02-01,0.3163714285714286
2018-02-02,0.6243818181818181
2018-02-03,-0.09037142857142857
2018-02-04,-0.11845000000000001
2018-02-05,-0.07286923076923077
2018-02-06,-0.009900000000000011
2018-02-07,0.7610166666666666
2018-02-08,0.6550499999999999
2018-02-09,0.08056250000000001
2018-02-10,-0.2211705882352941
2018-02-11,0.2230111111111111
2018-02-12,0.2938
2018-02-13,0.79035
2018-02-14,0.12972499999999998
2018-02-15,-0.36283333333333334
2018-02-16,0.0997285714285714
2018-02-17,-0.30205
2018-02-18,0.27047
2018-02-19,0.3945
2018-02-20,0.443724
2018-02-21,0.3474166666666667
2018-02-22,0.340985
2018-02-23,0.41731578947368425
2018-02-24,0.18701764705882354
2018-02-25,-0.20858
2018-02-27,0.48685000000000006
2018-02-28,0.4223388888888889
2018-03-01,0.32026000000000004
2018-03-02,0.11771333333333335
2018-03-03,0.3714
2018-03-04,0.40736666666666665
2018-03-05,0.49186363636363634
2018-03-06,0.09227857142857143
2018-03-07,0.2117181818181818
2018-03-08,0.6612727272727272
2018-03-09,0.58323
2018-03-10,0.40237894736842106
2018-03-11,0.4756916666666667
2018-03-12,0.11336153846153846
2018-03-13,0.08978
2018-03-14,0.3562777777777778
2018-03-15,0.53627
2018-03-16,0.5713666666666667
2018-03-17,-0.05585000000000001
2018-03-18,0.0010571428571428834
2018-03-19,0.13828000000000001
2018-03-20,0.6791999999999999
2018-03-21,0.21354285714285717
2018-03-22,0.44675
2018-03-23,-0.33078181818181823
2018-03-24,-0.42473333333333335
2018-03-25,0.2798866666666667
2018-03-26,0.66235
2018-03-27,0.4660333333333333
2018-03-28,0.524
2018-03-29,-0.1782
2018-03-30,0.0
2018-03-31,-0.7181000000000001
2018-04-01,-0.09514999999999998
2018-04-02,-0.34829130434782607
2018-04-03,0.2928333333333334
2018-04-04,0.10960909090909093
2018-04-05,-0.10441111111111112
2018-04-06,0.1615
2018-04-07,-0.16540000000000002
2018-04-08,0.16698
2018-04-09,0.7706999999999999
2018-04-10,0.36192
2018-04-11,-0.277595
2018-04-12,0.5200473684210527
2018-04-13,-0.29145
2018-04-14,0.743
2018-04-15,0.11692499999999999
2018-04-16,0.14079999999999998
2018-04-17,0.2684913043478261
2018-04-18,0.2720105263157895
2018-04-19,0.49076086956521736
2018-04-20,0.018750000000000003
2018-04-21,0.15034814814814815
2018-04-22,0.1908
2018-04-23,-0.03947500000000001
2018-04-24,0.5792857142857143
2018-04-25,0.3954666666666667
2018-04-26,0.8772500000000001
2018-04-27,0.3901428571428571
2018-04-28,-0.06831428571428572
2018-04-29,0.39154
2018-04-30,0.3313307692307692
2018-05-01,0.5462333333333333
2018-05-02,0.05800625
2018-05-03,0.36148125
2018-05-04,-0.018127272727272728
2018-05-05,0.7285333333333334
2018-05-07,-0.027309090909090908
2018-05-08,0.20987777777777777
2018-05-09,0.3437
2018-05-10,0.06403333333333334
2018-05-11,0.13835714285714287
2018-05-12,0.30656666666666665
2018-05-13,0.07303636363636366
2018-05-14,0.16096923076923078
2018-05-15,0.5089
2018-05-16,0.4141578947368421
2018-05-17,0.6655764705882353
2018-05-18,0.005814999999999992
2018-05-19,0.8694375
2018-05-20,-0.29442500000000005
2018-05-21,0.22669473684210525
2018-05-22,0.630525
2018-05-23,-0.018109374999999997
2018-05-24,0.23800588235294118
2018-05-25,0.2954142857142857
2018-05-26,-0.09065833333333333
2018-05-27,0.2465727272727273
2018-05-28,0.61837
2018-05-29,0.004914285714285728
2018-05-30,0.10446190476190476
2018-05-31,0.2661526315789474
2018-06-01,0.11157999999999998
2018-06-02,-0.25225454545454545
2018-06-03,-0.03217500000000001
2018-06-04,0.1343291666666667
2018-06-05,0.295265
2018-06-06,0.2692708333333333
2018-06-07,0.024274285714285717
2018-06-08,-0.2187857142857143
2018-06-09,0.45864736842105264
2018-06-10,-0.11095
2018-06-11,0.022426666666666668
2018-06-12,0.459995
2018-06-13,0.40419354838709676
2018-06-14,0.11927142857142857
2018-06-15,0.1603521739130435
2018-06-16,0.004277777777777797
2018-06-17,0.32139545454545454
2018-06-18,-0.39120499999999997
2018-06-19,-0.07111428571428571
2018-06-20,0.007408000000000013
2018-06-21,0.239515625
2018-06-22,0.23803999999999997
2018-06-23,0.1768
2018-06-24,0.33834615384615385
2018-06-25,0.012357692307692304
2018-06-26,0.1668451612903226
2018-06-27,0.6196111111111112
2018-06-28,0.01352307692307694
2018-06-29,-0.06642000000000003
2018-06-30,0.6599631578947368
2018-07-01,0.5551142857142858
2018-07-02,0.564025
2018-07-03,0.07031785714285714
2018-07-04,0.6824833333333333
2018-07-05,0.23729333333333333
2018-07-06,0.470675
2018-07-07,-0.3484285714285714
2018-07-08,0.1678222222222222
2018-07-09,0.30045714285714287
2018-07-10,0.34836666666666666
2018-07-11,0.14543529411764705
2018-07-12,0.04797222222222222
2018-07-13,0.2523
2018-07-14,-0.06860000000000001
2018-07-15,-0.22759999999999997
2018-07-16,0.44193157894736845
2018-07-17,0.23298333333333332
2018-07-18,0.5291666666666667
2018-07-19,-0.11379565217391303
2018-07-20,-0.27305384615384615
2018-07-21,0.2144285714285714
2018-07-22,-0.37597777777777774
2018-07-23,-0.2618130434782609
2018-07-24,0.4231923076923077
2018-07-25,0.514726923076923
2018-07-26,0.595364
2018-07-27,0.4116636363636364
2018-07-28,0.06278
2018-07-29,0.01265000000000001
2018-07-30,0.6285588235294117
2018-07-31,0.4921
2018-08-01,0.19371923076923075
2018-08-02,0.32520499999999997
2018-08-03,0.52961875
2018-08-04,0.27061666666666667
2018-08-05,0.049582352941176466
2018-08-06,0.22115
2018-08-07,0.6313090909090909
2018-08-08,0.6552666666666667
2018-08-09,-0.023609090909090916
2018-08-10,0.6486642857142858
2018-08-11,-0.09502777777777777
2018-08-12,0.3025
2018-08-13,0.16730714285714285
2018-08-14,-0.22002857142857143
2018-08-15,0.4189060606060606
2018-08-16,0.2776321428571428
2018-08-17,0.07329117647058823
2018-08-18,0.07741666666666668
2018-08-19,-0.5926538461538461
2018-08-20,-0.2546190476190476
2018-08-21,0.295188
2018-08-22,0.229388
2018-08-23,0.11511818181818184
2018-08-24,0.26405185185185187
2018-08-25,0.18644545454545455
2018-08-26,0.4138125
2018-08-27,0.6298444444444444
2018-08-28,0.08107500000000001
2018-08-29,0.06487209302325582
2018-08-30,-0.174828125
2018-08-31,-0.026590909090909085
2018-09-01,-0.13504137931034482
2018-09-02,-0.09343636363636362
2018-09-03,0.2446294117647059
2018-09-04,-0.014595999999999991
2018-09-05,-0.08526551724137932
2018-09-06,0.4429388888888889
2018-09-07,0.2913529411764706
2018-09-08,0.5746857142857144
2018-09-09,0.34847272727272727
2018-09-10,-0.09816296296296294
2018-09-11,0.17182592592592594
2018-09-12,0.127805
2018-09-13,0.10551071428571428
2018-09-14,0.19395333333333334
2018-09-15,0.35287619047619045
2018-09-16,-0.03000714285714285
2018-09-17,0.2917416666666667
2018-09-18,0.3278
2018-09-19,0.19904
2018-09-20,0.46699687500000003
2018-09-21,0.1652266666666667
2018-09-22,0.36035555555555554
2018-09-23,0.833
2018-09-24,0.53935
2018-09-25,0.42840357142857144
2018-09-26,0.255025
2018-09-27,0.07555
2018-09-28,0.5517000000000001
2018-09-29,0.36575
2018-09-30,0.4051222222222222
2018-10-01,0.5164545454545455
2018-10-02,0.6986181818181818
2018-10-03,0.5211296296296296
2018-10-04,0.43570000000000003
2018-10-05,0.11745000000000001
2018-10-06,0.6651727272727274
2018-10-07,0.45738
2018-10-08,0.3744875
2018-10-09,0.2845478260869565
2018-10-10,0.34762777777777776
2018-10-11,0.2640636363636364
2018-10-12,0.5284526315789474
2018-10-13,0.5884208333333333
2018-10-14,0.6225909090909091
2018-10-15,-0.018714285714285732
2018-10-16,-0.02023243243243243
2018-10-17,0.2844783783783784
2018-10-18,0.16055806451612903
2018-10-19,0.2953409090909091
2018-10-20,0.4871347826086957
2018-10-21,-0.0021499999999999965
2018-10-22,0.03322941176470589
2018-10-23,0.48989473684210527
2018-10-24,0.4709933333333333
2018-10-25,0.17372424242424242
2018-10-26,0.34589615384615385
2018-10-27,0.18581851851851852
2018-10-28,-0.02107142857142858
2018-10-29,0.18348695652173913
2018-10-30,0.5095461538461539
2018-10-31,0.23518064516129034
2018-11-01,0.3403
2018-11-02,0.504652380952381
2018-11-03,0.4325864864864865
2018-11-04,0.5907722222222223
2018-11-05,0.291930303030303
2018-11-06,0.49392272727272724
2018-11-07,0.4623333333333334
2018-11-08,-0.2203
2018-11-09,0.19555599999999998
2018-11-10,-0.1672625
2018-11-11,0.5036555555555555
2018-11-12,0.06571666666666667
2018-11-13,-0.03702608695652174
2018-11-14,0.5862222222222222
2018-11-15,0.14238947368421054
2018-11-16,0.5493181818181818
2018-11-17,0.410775
2018-11-18,0.01253636363636365
2018-11-19,-0.01821111111111111
2018-11-20,0.47746666666666665
2018-11-21,0.1822590909090909
2018-11-22,0.09619411764705883
2018-11-23,0.418
2018-11-24,-0.2381
2018-11-25,0.34387727272727275
2018-11-26,0.15399444444444446
2018-11-27,-0.10002666666666667
2018-11-28,0.3478
2018-11-29,0.26620625
2018-11-30,0.39323157894736843
2018-12-01,0.588875
2018-12-02,0.7298666666666667
2018-12-03,0.2804166666666667
2018-12-04,0.4891526315789474
2018-12-05,0.39035000000000003
2018-12-06,0.056375
2018-12-07,0.26276486486486483
2018-12-08,0.20105652173913044
2018-12-09,0.027799999999999984
2018-12-10,-0.4701
2018-12-11,0.3279083333333333
2018-12-12,-0.13491999999999998
2018-12-13,0.135136
2018-12-14,0.6575333333333333
2018-12-15,0.1010153846153846
2018-12-16,-0.41196
2018-12-17,0.842075
2018-12-18,0.2039782608695652
2018-12-19,0.18463500000000002
2018-12-20,0.22633870967741934
2018-12-21,0.2655871794871795
2018-12-22,0.1321842105263158
2018-12-23,0.229056
2018-12-24,0.34754827586206893
2018-12-25,0.7083
2018-12-26,0.9100999999999999
2018-12-27,-0.06326315789473684
2018-12-28,0.0029272727272727176
2018-12-29,-0.013106250000000007
2018-12-30,0.6807125
2018-12-31,-0.08920416666666668
2019-01-01,0.19537777777777776
2019-01-02,0.44406
2019-01-03,0.3441235294117647
2019-01-04,0.6733923076923077
2019-01-05,0.05340714285714286
2019-01-06,-0.01097999999999999
2019-01-07,-0.1170153846153846
2019-01-08,0.7145545454545454
2019-01-09,0.18818333333333334
2019-01-10,0.42826363636363635
2019-01-11,0.1783176470588235
2019-01-12,-0.17850333333333335
2019-01-13,0.03103809523809523
2019-01-14,0.1829923076923077
2019-01-15,0.2104
2019-01-16,-0.30605
2019-01-17,-0.41022857142857144
2019-01-18,0.0575925925925926
2019-01-19,-0.0020111111111111054
2019-01-20,0.3750793103448276
2019-01-21,0.36074999999999996
2019-01-22,-0.1439666666666667
2019-01-23,-0.09525625000000001
2019-01-24,-0.050885000000000014
2019-01-25,0.02524285714285714
2019-01-26,-0.3171818181818182
2019-01-27,-0.2833764705882353
2019-01-28,0.48841666666666667
2019-01-29,-0.13978000000000002
2019-01-30,-0.004195652173913045
2019-01-31,0.05066944444444445
2019-02-01,0.3491944444444444
2019-02-02,0.43788
2019-02-03,0.45225714285714286
2019-02-04,0.7777
2019-02-05,0.4677555555555556
2019-02-06,0.0
2019-02-07,-0.10669285714285714
2019-02-08,0.54311
2019-02-09,0.1518076923076923
2019-02-10,-0.11900000000000001
2019-02-11,0.004252631578947379
2019-02-12,0.6197571428571429
2019-02-13,0.3823
2019-02-14,-0.39463076923076923
2019-02-15,0.3854
2019-02-16,0.20613333333333334
2019-02-17,0.07881818181818184
2019-02-18,0.06059999999999999
2019-02-19,-0.25654
2019-02-20,-0.2499222222222222
2019-02-21,0.3764909090909091
2019-02-22,-0.016177777777777798
2019-02-23,0.6491416666666666
2019-02-24,0.6606045454545455
2019-02-25,0.4065161290322581
2019-02-26,0.4111714285714286
2019-02-27,0.16567142857142855
2019-02-28,0.4690285714285714
2019-03-01,0.11625652173913044
2019-03-02,0.3260357142857143
2019-03-03,-0.16006
2019-03-04,-0.14393
2019-03-05,-0.022464285714285714
2019-03-06,-0.2388909090909091
2019-03-07,-0.1560666666666667
2019-03-08,0.2570181818181818
2019-03-09,0.028764705882352935
2019-03-10,0.32575714285714286
2019-03-11,0.1227
2019-03-12,0.14514166666666664
2019-03-13,0.043528125000000015
2019-03-14,0.09425599999999999
2019-03-15,0.0023652173913043715
2019-03-16,0.18710833333333332
2019-03-17,-0.10576785714285712
2019-03-18,0.1468551724137931
2019-03-19,0.12145
2019-03-20,0.27252
2019-03-21,0.48470909090909087
2019-03-22,0.1819
2019-03-24,0.7224666666666667
2019-03-25,0.2700857142857143
2019-03-26,-0.11718235294117649
2019-03-27,0.05764117647058825
2019-03-28,-0.060563333333333344
2019-03-29,0.17641428571428572
2019-03-30,0.08638181818181817
2019-03-31,-0.2112
2019-04-01,0.030915789473684212
2019-04-02,0.1567214285714286
2019-04-03,0.42727499999999996
2019-04-04,0.09895882352941177
2019-04-05,0.045605882352941184
2019-04-06,-0.05288571428571428
2019-04-07,0.058781818181818185
2019-04-08,0.1013
2019-04-09,0.09004642857142857
2019-04-10,0.1811875
2019-04-11,0.12180714285714288
2019-04-12,-0.23706956521739128
2019-04-13,-0.05703684210526314
2019-04-14,0.1062
2019-04-15,0.08441428571428572
2019-04-16,0.006906666666666661
2019-04-17,0.06975714285714284
2019-04-18,-0.26580909090909094
2019-04-19,-0.40789411764705885
2019-04-20,-0.0073823529411764805
2019-04-21,0.08961500000000003
2019-04-22,0.15123030303030302
2019-04-23,0.20548235294117645
2019-04-24,0.1941935483870968
2019-04-25,0.09172777777777777
2019-04-26,0.28403333333333336
2019-04-27,0.3544235294117647
2019-04-28,0.15270833333333333
2019-04-29,0.07384285714285714
2019-04-30,0.13475
2019-05-01,0.15291904761904762
2019-05-02,0.5065
2019-05-03,0.0855125
2019-05-04,-0.009884210526315777
2019-05-05,0.09802727272727273
2019-05-06,0.29912608695652176
2019-05-07,0.3428714285714286
2019-05-08,0.19619130434782606
2019-05-09,0.36027
2019-05-10,0.45202439024390245
2019-05-11,0.5998777777777778
2019-05-12,-0.09200555555555556
2019-05-13,0.25335111111111114
2019-05-14,0.6039060606060606
2019-05-15,0.4980727272727272
2019-05-16,0.2044
2019-05-17,-0.003886666666666668
2019-05-18,0.374
2019-05-19,0.13326363636363636
2019-05-20,0.18528529411764705
2019-05-21,0.18283214285714286
2019-05-22,-0.042306521739130416
2019-05-23,-0.0080969696969697
2019-05-24,0.31946451612903226
2019-05-25,0.34756
2019-05-26,0.71235
2019-05-27,0.23916818181818184
2019-05-28,0.2277235294117647
2019-05-29,0.5036545454545455
2019-05-30,0.0039074074074074
2019-05-31,0.05818214285714285
2019-06-01,0.38448823529411763
2019-06-02,-0.039784
2019-06-03,0.06027083333333333
2019-06-04,-0.15627
2019-06-05,0.33665454545454543
2019-06-06,0.25019545454545455
2019-06-07,0.12290666666666668
2019-06-08,0.41583333333333333
2019-06-09,-0.02996500000000001
2019-06-10,-0.02041153846153846
2019-06-11,0.34713947368421055
2019-06-12,0.29051
2019-06-13,0.1915978260869565
2019-06-14,0.48314210526315793
2019-06-15,0.034067857142857136
2019-06-16,0.1473
2019-06-17,0.4253
2019-06-18,0.283725
2019-06-19,0.1447923076923077
2019-06-20,0.19171818181818184
2019-06-21,-0.38913333333333333
2019-06-22,0.222968
2019-06-23,0.47795555555555563
2019-06-24,0.08611666666666666
2019-06-25,0.38767222222222225
2019-06-26,0.07279782608695654
2019-06-27,0.06748260869565217
2019-06-28,0.3310222222222222
2019-06-29,0.63988
2019-06-30,0.7335454545454546
2019-07-01,0.19928888888888888
2019-07-02,0.3521290322580645
2019-07-03,0.3706157894736842
2019-07-04,0.5496782608695652
2019-07-05,0.4395133333333333
2019-07-06,0.48501333333333335
2019-07-07,-0.16174736842105264
2019-07-08,-0.18841875
2019-07-09,0.21796857142857143
2019-07-10,0.34436451612903224
2019-07-11,0.30112
2019-07-12,0.4397177777777778
2019-07-13,0.0867625
2019-07-14,-0.024666666666666674
2019-07-15,-0.32827058823529415
2019-07-16,0.13573181818181818
2019-07-17,0.13424444444444444
2019-07-18,0.21107083333333335
2019-07-19,0.32544
2019-07-20,0.47520909090909086
2019-07-21,0.2950833333333333
2019-07-22,-0.35951944444444445
2019-07-23,0.3447457142857143
2019-07-24,0.16493620689655172
2019-07-25,0.34914102564102567
2019-07-26,0.23673461538461538
2019-07-27,-0.11197777777777779
2019-07-28,0.08299444444444444
2019-07-29,0.17472702702702703
2019-07-30,0.25846829268292687
2019-07-31,0.16026176470588235
2019-08-01,0.2809705882352941
2019-08-02,0.346495
2019-08-03,0.1607166666666667
2019-08-04,-0.03918999999999999
2019-08-05,-0.35370434782608695
2019-08-06,0.13481923076923077
2019-08-07,0.13949761904761904
2019-08-08,0.2424227272727273
2019-08-09,0.35157692307692306
2019-08-10,-0.01748333333333332
2019-08-11,0.15598181818181817
2019-08-12,0.04267142857142859
2019-08-13,0.12144722222222223
2019-08-14,0.43778518518518517
2019-08-15,0.06534473684210527
2019-08-16,0.38695
2019-08-17,0.19371666666666665
2019-08-18,0.018779999999999984
2019-08-19,0.25989230769230764
2019-08-20,0.11019999999999999
2019-08-21,0.27
2019-08-22,0.342
2019-08-23,0.3639607843137255
2019-08-24,0.3022370370370371
2019-08-25,0.37965
2019-08-26,0.3228666666666667
2019-08-27,0.3109285714285714
2019-08-28,0.016685294117647062
2019-08-29,0.00028181818181818104
2019-08-30,0.011183783783783784
2019-08-31,0.32283404255319154
2019-09-01,0.3749521739130434
2019-09-02,0.07824705882352942
2019-09-03,0.10342222222222223
2019-09-04,-0.05193548387096774
2019-09-05,0.03406363636363637
2019-09-06,0.2958282608695652
2019-09-07,0.21059411764705885
2019-09-08,0.11201250000000001
2019-09-09,0.26428799999999997
2019-09-10,0.35346875
2019-09-11,0.4613564102564102
2019-09-12,0.38432173913043477
2019-09-13,0.27431764705882355
2019-09-14,0.3755444444444444
2019-09-15,0.1413964285714286
2019-09-16,0.046384615384615385
2019-09-17,-0.08952105263157895
2019-09-18,0.27776216216216215
2019-09-19,0.21913571428571427
2019-09-20,0.31008749999999996
2019-09-21,-0.17689117647058825
2019-09-22,0.05381562500000002
2019-09-23,0.07171052631578947
2019-09-24,-0.0015264705882352893
2019-09-25,0.11188837209302324
2019-09-26,0.24149705882352937
2019-09-27,-0.0439475
2019-09-28,0.07241428571428572
2019-09-29,0.04999750000000001
2019-09-30,0.12320350877192981
2019-10-01,0.22066785714285714
2019-10-02,0.09193684210526316
2019-10-03,0.1341
2019-10-04,0.15326034482758621
2019-10-05,-0.030926415094339618
2019-10-06,0.060213636363636365
2019-10-07,0.08036875
2019-10-08,0.3587530612244898
2019-10-09,0.011445454545454545
2019-10-10,0.032084615384615385
2019-10-11,0.2999512820512821
2019-10-12,0.12673055555555557
2019-10-13,0.015500000000000005
2019-10-14,-0.010943750000000006
2019-10-15,0.136459375
2019-10-16,0.038335897435897444
2019-10-17,0.26037142857142853
2019-10-18,0.10592258064516129
2019-10-19,-0.01284318181818181
2019-10-20,0.09598181818181817
2019-10-21,0.4435055555555556
2019-10-22,0.18060333333333337
2019-10-23,0.2095
2019-10-24,0.28082307692307695
2019-10-25,0.166384375
2019-10-26,0.037257692307692304
2019-10-27,0.3396
2019-10-28,0.22160714285714286
2019-10-29,0.053529999999999994
2019-10-30,0.18273571428571428
2019-10-31,0.11285405405405406
2019-11-01,0.08540833333333332
2019-11-02,0.3709470588235294
2019-11-03,0.10453617021276596
2019-11-04,0.15265833333333334
2019-11-05,0.33146176470588234
2019-11-06,0.28301379310344826
2019-11-07,0.06676666666666668
2019-11-08,0.32884
2019-11-09,0.19870277777777778
2019-11-10,0.1197346153846154
2019-11-11,0.13827567567567567
2019-11-12,-0.10917407407407408
2019-11-13,-0.1771608695652174
2019-11-14,-0.013280769230769228
2019-11-15,0.10810256410256411
2019-11-16,0.50082
2019-11-17,0.08455223880597015
2019-11-18,0.3302260869565217
2019-11-19,0.19262142857142858
2019-11-20,0.11585483870967742
2019-11-21,-0.005979591836734699
2019-11-22,0.11637727272727272
2019-11-23,0.14534615384615385
2019-11-24,0.153227027027027
2019-11-25,0.29963529411764706
2019-11-26,-0.03513333333333333
2019-11-27,0.3846230769230769
2019-11-28,0.55456
2019-11-29,0.6044666666666666
2019-11-30,-0.08505454545454545
2019-12-01,0.011099999999999999
2019-12-02,0.36985555555555555
2019-12-03,0.1420428571428571
2019-12-04,0.5881588235294117
2019-12-05,0.19339090909090909
2019-12-06,-0.06644242424242425
2019-12-07,0.2214838709677419
2019-12-08,-0.13479772727272726
2019-12-09,0.058064705882352956
2019-12-10,0.21395757575757576
2019-12-11,0.0745421052631579
2019-12-12,0.06955490196078433
2019-12-13,0.1930897435897436
2019-12-14,0.07405151515151516
2019-12-15,-0.09470227272727273
2019-12-16,0.1756185185185185
2019-12-17,0.39782285714285714
2019-12-18,0.1336468085106383
2019-12-19,0.18217999999999998
2019-12-20,0.3736271186440678
2019-12-21,0.3333090909090909
2019-12-22,-0.1437
2019-12-23,-0.42893333333333333
2019-12-24,0.036191666666666664
2019-12-25,0.32347000000000004
2019-12-26,-0.2485206896551724
2019-12-27,0.2840971428571429
2019-12-28,0.19738750000000002
2019-12-29,-0.3049875
2019-12-30,0.16719999999999996
2019-12-31,0.2174695652173913
2020-01-01,0.38845
2020-01-02,-0.32195
2020-01-03,-0.1538
2020-01-04,-0.11364615384615381
2020-01-05,0.26430000000000003
2020-01-06,0.13446
2020-01-07,0.56491
2020-01-08,0.878
2020-01-09,0.05348823529411765
2020-01-10,0.4084478260869565
2020-01-11,0.009146153846153832
2020-01-12,0.10024999999999999
2020-01-13,-0.012109523809523813
2020-01-14,0.37214285714285716
2020-01-15,0.2967375
2020-01-16,0.43047142857142856
2020-01-17,0.36555806451612904
2020-01-18,0.28641904761904763
2020-01-19,0.16466666666666668
2020-01-20,0.27336190476190475
2020-01-21,0.212
2020-01-22,0.1396176470588235
2020-01-23,-0.024389285714285718
2020-01-24,0.15917222222222221
2020-01-25,0.27936666666666665
2020-01-26,0.057136363636363645
2020-01-27,0.10524285714285712
2020-01-28,0.09410000000000002
2020-01-29,0.2769095238095238
2020-01-30,0.442595
2020-01-31,-0.41692
2020-02-01,0.287775
2020-02-02,0.7281857142857143
2020-02-03,0.37931
2020-02-04,0.1972375
2020-02-05,0.02213333333333333
2020-02-06,0.1901142857142857
2020-02-07,0.18356842105263158
2020-02-08,0.08555263157894737
2020-02-09,-0.006966666666666658
2020-02-10,0.2136916666666667
2020-02-11,-0.05396999999999998
2020-02-12,0.44363125
2020-02-13,-0.036762500000000004
2020-02-14,0.5453611111111111
2020-02-15,0.21685555555555555
2020-02-16,0.09896666666666669
2020-02-17,0.502475
2020-02-18,0.08124347826086957
2020-02-19,0.13472
2020-02-20,0.3356722222222222
2020-02-21,0.28124117647058827
2020-02-22,0.43805
2020-02-23,0.2102
2020-02-24,0.15824375
2020-02-25,0.17909999999999998
2020-02-26,0.15968333333333332
2020-02-27,-0.2217444444444444
2020-02-28,0.31103157894736844
2020-02-29,0.18559166666666668
2020-03-01,0.35053529411764706
2020-03-02,0.44638181818181816
2020-03-03,0.3187241379310345
2020-03-04,0.2905
2020-03-05,0.27372380952380954
2020-03-06,0.43179166666666663
2020-03-07,0.30202
2020-03-08,0.06980000000000001
2020-03-09,0.06467
2020-03-10,0.3972541666666667
2020-03-11,0.5006846153846154
2020-03-12,0.30506
2020-03-13,0.21891875
2020-03-14,0.3577142857142857
2020-03-15,0.39409374999999996
2020-03-16,0.48230000000000006
2020-03-17,-0.017700000000000004
2020-03-18,0.3724875
2020-03-19,0.5011125
2020-03-20,0.130325
2020-03-21,0.36092
2020-03-22,-0.09303636363636364
2020-03-23,0.32365333333333335
2020-03-24,0.25377333333333335
2020-03-25,0.39192857142857146
2020-03-26,0.029325000000000018
2020-03-27,0.2612434782608696
2020-03-28,0.10642222222222225
2020-03-29,0.26529444444444444
2020-03-30,0.33765
2020-03-31,0.2839416666666667
2020-04-01,0.19815000000000002
2020-04-02,0.06682727272727272
2020-04-03,0.65085
2020-04-04,0.21511875
2020-04-05,0.16775555555555555
2020-04-06,0.13303125
2020-04-07,0.16717777777777776
2020-04-08,0.15931875
2020-04-09,0.15117777777777777
2020-04-10,0.24396363636363638
2020-04-11,0.11208888888888888
2020-04-12,0.04610476190476191
2020-04-13,0.16171818181818184
2020-04-14,0.323225
2020-04-15,0.3282
2020-04-16,-0.08594285714285714
2020-04-17,-0.011531578947368414
2020-04-18,0.4330466666666667
2020-04-19,0.29903
2020-04-20,0.4087076923076923
2020-04-21,0.49928
2020-04-22,0.14978888888888886
2020-04-23,0.5076923076923077
2020-04-24,0.548975
2020-04-25,0.14645714285714287
2020-04-26,-0.16085625
2020-04-27,-0.2051
2020-04-28,0.5015111111111111
2020-04-29,0.028533333333333338
2020-04-30,-0.1847375
2020-05-01,0.10896153846153846
2020-05-02,0.21663888888888888
2020-05-03,0.216885
2020-05-04,0.23875384615384615
2020-05-05,0.40863125
2020-05-06,0.2814666666666667
2020-05-07,0.18721666666666667
2020-05-08,0.3774454545454545
2020-05-09,0.1039470588235294
2020-05-10,-0.00255714285714284
2020-05-11,0.17123913043478262
2020-05-12,0.16616296296296296
2020-05-13,0.3164363636363636
2020-05-14,0.23587058823529414
2020-05-15,0.22446923076923075
2020-05-16,0.11696666666666668
2020-05-17,0.3152125
2020-05-18,0.13664166666666666
2020-05-19,0.45246875
2020-05-20,0.36413333333333336
2020-05-21,0.090495
2020-05-22,0.4255
2020-05-23,0.05903888888888889
2020-05-24,0.2876952380952381
2020-05-25,0.09256249999999999
2020-05-26,-0.13459000000000002
2020-05-27,0.08405
2020-05-28,0.20074333333333336
2020-05-29,-0.05295
2020-05-30,0.011100000000000002
2020-05-31,0.09117777777777779
2020-06-01,0.08018571428571429
2020-06-02,0.21624000000000002
2020-06-03,0.12708181818181818
2020-06-04,0.13596052631578948
2020-06-05,0.316672972972973
2020-06-06,0.15364285714285714
2020-06-07,0.42181379310344824
2020-06-08,-0.02832307692307692
2020-06-09,0.3150863636363636
2020-06-10,0.3826
2020-06-11,0.45883636363636365
2020-06-12,0.18088125
2020-06-13,0.15093684210526315
2020-06-14,-0.06888571428571429
2020-06-15,0.02662499999999999
2020-06-16,0.5502375
2020-06-17,-0.041159999999999995
